index,filename,label,speaker
0,5_nicolas_9.wav,5,nicolas
1,3_yweweler_14.wav,3,yweweler
2,1_lucas_5.wav,1,lucas
3,2_george_44.wav,2,george
4,4_yweweler_38.wav,4,yweweler
5,3_yweweler_28.wav,3,yweweler
6,4_yweweler_10.wav,4,yweweler
7,3_george_1.wav,3,george
8,1_nicolas_15.wav,1,nicolas
9,1_jackson_42.wav,1,jackson
10,0_theo_46.wav,0,theo
11,6_lucas_9.wav,6,lucas
12,5_nicolas_48.wav,5,nicolas
13,9_jackson_43.wav,9,jackson
14,9_nicolas_14.wav,9,nicolas
15,4_nicolas_7.wav,4,nicolas
16,1_nicolas_29.wav,1,nicolas
17,4_jackson_0.wav,4,jackson
18,1_lucas_43.wav,1,lucas
19,5_jackson_23.wav,5,jackson
20,7_george_9.wav,7,george
21,9_nicolas_28.wav,9,nicolas
22,5_jackson_37.wav,5,jackson
23,2_jackson_20.wav,2,jackson
24,2_jackson_34.wav,2,jackson
25,7_yweweler_41.wav,7,yweweler
26,4_theo_11.wav,4,theo
27,7_nicolas_2.wav,7,nicolas
28,6_jackson_41.wav,6,jackson
29,6_nicolas_16.wav,6,nicolas
30,9_lucas_17.wav,9,lucas
31,4_theo_39.wav,4,theo
32,9_theo_45.wav,9,theo
33,7_jackson_5.wav,7,jackson
34,9_yweweler_32.wav,9,yweweler
35,9_yweweler_26.wav,9,yweweler
36,7_theo_5.wav,7,theo
37,6_yweweler_8.wav,6,yweweler
38,4_george_1.wav,4,george
39,0_yweweler_45.wav,0,yweweler
40,1_george_41.wav,1,george
41,6_lucas_43.wav,6,lucas
42,3_theo_35.wav,3,theo
43,0_george_9.wav,0,george
44,8_lucas_6.wav,8,lucas
45,3_theo_21.wav,3,theo
46,6_george_45.wav,6,george
47,6_theo_30.wav,6,theo
48,1_nicolas_8.wav,1,nicolas
49,6_theo_24.wav,6,theo
50,5_yweweler_49.wav,5,yweweler
51,2_george_6.wav,2,george
52,8_george_37.wav,8,george
53,8_george_23.wav,8,george
54,6_theo_18.wav,6,theo
55,4_jackson_33.wav,4,jackson
56,0_nicolas_6.wav,0,nicolas
57,0_nicolas_39.wav,0,nicolas
58,9_george_11.wav,9,george
59,1_theo_28.wav,1,theo
60,4_jackson_27.wav,4,jackson
61,8_nicolas_38.wav,8,nicolas
62,8_nicolas_10.wav,8,nicolas
63,8_jackson_47.wav,8,jackson
64,0_lucas_44.wav,0,lucas
65,0_jackson_46.wav,0,jackson
66,0_nicolas_11.wav,0,nicolas
67,9_george_39.wav,9,george
68,0_jackson_1.wav,0,jackson
69,1_theo_14.wav,1,theo
70,6_yweweler_24.wav,6,yweweler
71,8_lucas_38.wav,8,lucas
72,3_nicolas_3.wav,3,nicolas
73,7_nicolas_12.wav,7,nicolas
74,7_jackson_45.wav,7,jackson
75,8_theo_17.wav,8,theo
76,6_yweweler_30.wav,6,yweweler
77,3_jackson_18.wav,3,jackson
78,5_theo_43.wav,5,theo
79,1_yweweler_20.wav,1,yweweler
80,6_yweweler_18.wav,6,yweweler
81,3_jackson_30.wav,3,jackson
82,8_yweweler_43.wav,8,yweweler
83,5_george_6.wav,5,george
84,3_jackson_24.wav,3,jackson
85,3_jackson_4.wav,3,jackson
86,8_lucas_10.wav,8,lucas
87,1_yweweler_34.wav,1,yweweler
88,5_george_40.wav,5,george
89,4_lucas_0.wav,4,lucas
90,2_theo_0.wav,2,theo
91,9_theo_8.wav,9,theo
92,7_lucas_44.wav,7,lucas
93,9_theo_9.wav,9,theo
94,2_theo_1.wav,2,theo
95,7_lucas_45.wav,7,lucas
96,4_lucas_1.wav,4,lucas
97,5_george_41.wav,5,george
98,1_yweweler_35.wav,1,yweweler
99,8_lucas_11.wav,8,lucas
100,3_jackson_5.wav,3,jackson
101,3_jackson_25.wav,3,jackson
102,3_jackson_31.wav,3,jackson
103,6_yweweler_19.wav,6,yweweler
104,1_yweweler_21.wav,1,yweweler
105,5_theo_42.wav,5,theo
106,5_george_7.wav,5,george
107,8_yweweler_42.wav,8,yweweler
108,7_jackson_44.wav,7,jackson
109,7_nicolas_13.wav,7,nicolas
110,3_jackson_19.wav,3,jackson
111,6_yweweler_31.wav,6,yweweler
112,8_theo_16.wav,8,theo
113,8_lucas_39.wav,8,lucas
114,6_yweweler_25.wav,6,yweweler
115,3_nicolas_2.wav,3,nicolas
116,9_george_38.wav,9,george
117,0_nicolas_10.wav,0,nicolas
118,0_jackson_47.wav,0,jackson
119,0_lucas_45.wav,0,lucas
120,1_theo_15.wav,1,theo
121,0_jackson_0.wav,0,jackson
122,8_jackson_46.wav,8,jackson
123,8_nicolas_11.wav,8,nicolas
124,8_nicolas_39.wav,8,nicolas
125,4_jackson_26.wav,4,jackson
126,1_theo_29.wav,1,theo
127,4_jackson_32.wav,4,jackson
128,9_george_10.wav,9,george
129,0_nicolas_38.wav,0,nicolas
130,0_nicolas_7.wav,0,nicolas
131,8_george_22.wav,8,george
132,6_theo_19.wav,6,theo
133,2_george_7.wav,2,george
134,8_george_36.wav,8,george
135,1_nicolas_9.wav,1,nicolas
136,5_yweweler_48.wav,5,yweweler
137,6_theo_25.wav,6,theo
138,6_theo_31.wav,6,theo
139,6_george_44.wav,6,george
140,3_theo_20.wav,3,theo
141,3_theo_34.wav,3,theo
142,0_george_8.wav,0,george
143,6_lucas_42.wav,6,lucas
144,8_lucas_7.wav,8,lucas
145,1_george_40.wav,1,george
146,4_george_0.wav,4,george
147,6_yweweler_9.wav,6,yweweler
148,7_theo_4.wav,7,theo
149,9_yweweler_27.wav,9,yweweler
150,0_yweweler_44.wav,0,yweweler
151,9_theo_44.wav,9,theo
152,4_theo_38.wav,4,theo
153,9_lucas_16.wav,9,lucas
154,6_nicolas_17.wav,6,nicolas
155,6_jackson_40.wav,6,jackson
156,9_yweweler_33.wav,9,yweweler
157,7_jackson_4.wav,7,jackson
158,2_jackson_35.wav,2,jackson
159,7_nicolas_3.wav,7,nicolas
160,4_theo_10.wav,4,theo
161,7_yweweler_40.wav,7,yweweler
162,2_jackson_21.wav,2,jackson
163,5_jackson_36.wav,5,jackson
164,9_nicolas_29.wav,9,nicolas
165,1_nicolas_28.wav,1,nicolas
166,7_george_8.wav,7,george
167,5_jackson_22.wav,5,jackson
168,1_lucas_42.wav,1,lucas
169,4_jackson_1.wav,4,jackson
170,9_nicolas_15.wav,9,nicolas
171,9_jackson_42.wav,9,jackson
172,4_nicolas_6.wav,4,nicolas
173,0_theo_47.wav,0,theo
174,1_jackson_43.wav,1,jackson
175,1_nicolas_14.wav,1,nicolas
176,5_nicolas_49.wav,5,nicolas
177,6_lucas_8.wav,6,lucas
178,3_george_0.wav,3,george
179,4_yweweler_11.wav,4,yweweler
180,3_yweweler_29.wav,3,yweweler
181,2_george_45.wav,2,george
182,4_yweweler_39.wav,4,yweweler
183,3_yweweler_15.wav,3,yweweler
184,5_nicolas_8.wav,5,nicolas
185,1_lucas_4.wav,1,lucas
186,2_george_47.wav,2,george
187,1_lucas_6.wav,1,lucas
188,7_theo_49.wav,7,theo
189,3_yweweler_17.wav,3,yweweler
190,5_lucas_48.wav,5,lucas
191,3_george_2.wav,3,george
192,4_yweweler_13.wav,4,yweweler
193,4_nicolas_4.wav,4,nicolas
194,9_jackson_40.wav,9,jackson
195,9_nicolas_17.wav,9,nicolas
196,1_yweweler_8.wav,1,yweweler
197,3_george_49.wav,3,george
198,0_theo_45.wav,0,theo
199,1_nicolas_16.wav,1,nicolas
200,1_jackson_41.wav,1,jackson
201,9_yweweler_9.wav,9,yweweler
202,5_jackson_34.wav,5,jackson
203,4_jackson_3.wav,4,jackson
204,1_lucas_40.wav,1,lucas
205,5_jackson_20.wav,5,jackson
206,4_theo_8.wav,4,theo
207,7_yweweler_42.wav,7,yweweler
208,4_theo_12.wav,4,theo
209,7_nicolas_1.wav,7,nicolas
210,2_jackson_37.wav,2,jackson
211,9_yweweler_19.wav,9,yweweler
212,2_jackson_23.wav,2,jackson
213,9_lucas_28.wav,9,lucas
214,6_nicolas_29.wav,6,nicolas
215,0_yweweler_46.wav,0,yweweler
216,7_theo_6.wav,7,theo
217,2_lucas_48.wav,2,lucas
218,9_yweweler_25.wav,9,yweweler
219,4_george_2.wav,4,george
220,2_nicolas_48.wav,2,nicolas
221,7_jackson_6.wav,7,jackson
222,9_yweweler_31.wav,9,yweweler
223,6_jackson_42.wav,6,jackson
224,6_nicolas_15.wav,6,nicolas
225,9_theo_46.wav,9,theo
226,9_lucas_14.wav,9,lucas
227,1_george_42.wav,1,george
228,3_theo_22.wav,3,theo
229,6_jackson_8.wav,6,jackson
230,8_lucas_5.wav,8,lucas
231,6_lucas_40.wav,6,lucas
232,3_theo_36.wav,3,theo
233,6_theo_27.wav,6,theo
234,6_george_46.wav,6,george
235,6_theo_33.wav,6,theo
236,8_george_20.wav,8,george
237,8_george_34.wav,8,george
238,2_george_5.wav,2,george
239,4_jackson_24.wav,4,jackson
240,7_george_48.wav,7,george
241,0_nicolas_5.wav,0,nicolas
242,9_george_12.wav,9,george
243,4_jackson_30.wav,4,jackson
244,0_jackson_2.wav,0,jackson
245,1_theo_17.wav,1,theo
246,4_jackson_18.wav,4,jackson
247,0_lucas_47.wav,0,lucas
248,0_jackson_45.wav,0,jackson
249,0_nicolas_12.wav,0,nicolas
250,8_nicolas_13.wav,8,nicolas
251,8_jackson_44.wav,8,jackson
252,8_theo_14.wav,8,theo
253,6_yweweler_33.wav,6,yweweler
254,7_nicolas_11.wav,7,nicolas
255,7_jackson_46.wav,7,jackson
256,3_nicolas_0.wav,3,nicolas
257,6_yweweler_27.wav,6,yweweler
258,3_jackson_27.wav,3,jackson
259,8_theo_28.wav,8,theo
260,8_lucas_13.wav,8,lucas
261,3_jackson_7.wav,3,jackson
262,1_yweweler_37.wav,1,yweweler
263,7_nicolas_39.wav,7,nicolas
264,8_yweweler_40.wav,8,yweweler
265,5_george_5.wav,5,george
266,5_theo_40.wav,5,theo
267,1_yweweler_23.wav,1,yweweler
268,3_jackson_33.wav,3,jackson
269,5_george_43.wav,5,george
270,7_lucas_47.wav,7,lucas
271,2_theo_3.wav,2,theo
272,4_lucas_3.wav,4,lucas
273,2_jackson_9.wav,2,jackson
274,4_lucas_2.wav,4,lucas
275,2_jackson_8.wav,2,jackson
276,7_lucas_46.wav,7,lucas
277,2_theo_2.wav,2,theo
278,5_george_42.wav,5,george
279,5_george_4.wav,5,george
280,8_yweweler_41.wav,8,yweweler
281,7_nicolas_38.wav,7,nicolas
282,3_jackson_32.wav,3,jackson
283,1_yweweler_22.wav,1,yweweler
284,5_theo_41.wav,5,theo
285,1_yweweler_36.wav,1,yweweler
286,3_jackson_6.wav,3,jackson
287,8_lucas_12.wav,8,lucas
288,8_theo_29.wav,8,theo
289,3_jackson_26.wav,3,jackson
290,3_nicolas_1.wav,3,nicolas
291,6_yweweler_26.wav,6,yweweler
292,6_yweweler_32.wav,6,yweweler
293,8_theo_15.wav,8,theo
294,7_jackson_47.wav,7,jackson
295,7_nicolas_10.wav,7,nicolas
296,8_jackson_45.wav,8,jackson
297,8_nicolas_12.wav,8,nicolas
298,4_jackson_19.wav,4,jackson
299,1_theo_16.wav,1,theo
300,0_jackson_3.wav,0,jackson
301,0_nicolas_13.wav,0,nicolas
302,0_jackson_44.wav,0,jackson
303,0_lucas_46.wav,0,lucas
304,9_george_13.wav,9,george
305,0_nicolas_4.wav,0,nicolas
306,4_jackson_31.wav,4,jackson
307,7_george_49.wav,7,george
308,4_jackson_25.wav,4,jackson
309,8_george_35.wav,8,george
310,2_george_4.wav,2,george
311,8_george_21.wav,8,george
312,6_theo_32.wav,6,theo
313,6_george_47.wav,6,george
314,6_theo_26.wav,6,theo
315,8_lucas_4.wav,8,lucas
316,3_theo_37.wav,3,theo
317,6_lucas_41.wav,6,lucas
318,3_theo_23.wav,3,theo
319,6_jackson_9.wav,6,jackson
320,1_george_43.wav,1,george
321,9_yweweler_30.wav,9,yweweler
322,7_jackson_7.wav,7,jackson
323,2_nicolas_49.wav,2,nicolas
324,9_lucas_15.wav,9,lucas
325,9_theo_47.wav,9,theo
326,6_nicolas_14.wav,6,nicolas
327,6_jackson_43.wav,6,jackson
328,0_yweweler_47.wav,0,yweweler
329,4_george_3.wav,4,george
330,9_yweweler_24.wav,9,yweweler
331,2_lucas_49.wav,2,lucas
332,7_theo_7.wav,7,theo
333,2_jackson_22.wav,2,jackson
334,6_nicolas_28.wav,6,nicolas
335,9_lucas_29.wav,9,lucas
336,7_nicolas_0.wav,7,nicolas
337,4_theo_13.wav,4,theo
338,7_yweweler_43.wav,7,yweweler
339,9_yweweler_18.wav,9,yweweler
340,2_jackson_36.wav,2,jackson
341,4_theo_9.wav,4,theo
342,5_jackson_21.wav,5,jackson
343,1_lucas_41.wav,1,lucas
344,4_jackson_2.wav,4,jackson
345,5_jackson_35.wav,5,jackson
346,3_george_48.wav,3,george
347,9_yweweler_8.wav,9,yweweler
348,1_jackson_40.wav,1,jackson
349,1_nicolas_17.wav,1,nicolas
350,0_theo_44.wav,0,theo
351,4_nicolas_5.wav,4,nicolas
352,1_yweweler_9.wav,1,yweweler
353,9_nicolas_16.wav,9,nicolas
354,9_jackson_41.wav,9,jackson
355,4_yweweler_12.wav,4,yweweler
356,3_george_3.wav,3,george
357,5_lucas_49.wav,5,lucas
358,1_lucas_7.wav,1,lucas
359,3_yweweler_16.wav,3,yweweler
360,7_theo_48.wav,7,theo
361,2_george_46.wav,2,george
362,5_jackson_8.wav,5,jackson
363,3_george_7.wav,3,george
364,4_yweweler_16.wav,4,yweweler
365,2_george_42.wav,2,george
366,3_yweweler_12.wav,3,yweweler
367,1_lucas_3.wav,1,lucas
368,5_jackson_31.wav,5,jackson
369,1_lucas_45.wav,1,lucas
370,4_jackson_6.wav,4,jackson
371,5_jackson_25.wav,5,jackson
372,9_jackson_45.wav,9,jackson
373,9_nicolas_12.wav,9,nicolas
374,4_nicolas_1.wav,4,nicolas
375,0_theo_40.wav,0,theo
376,1_nicolas_13.wav,1,nicolas
377,1_jackson_44.wav,1,jackson
378,5_jackson_19.wav,5,jackson
379,7_theo_3.wav,7,theo
380,9_yweweler_20.wav,9,yweweler
381,4_george_7.wav,4,george
382,0_yweweler_43.wav,0,yweweler
383,6_jackson_47.wav,6,jackson
384,6_nicolas_10.wav,6,nicolas
385,9_theo_43.wav,9,theo
386,9_lucas_11.wav,9,lucas
387,7_jackson_3.wav,7,jackson
388,9_yweweler_34.wav,9,yweweler
389,2_jackson_32.wav,2,jackson
390,6_nicolas_38.wav,6,nicolas
391,7_yweweler_47.wav,7,yweweler
392,7_nicolas_4.wav,7,nicolas
393,4_theo_17.wav,4,theo
394,9_lucas_39.wav,9,lucas
395,2_jackson_26.wav,2,jackson
396,0_george_49.wav,0,george
397,3_theo_27.wav,3,theo
398,6_lucas_45.wav,6,lucas
399,3_theo_33.wav,3,theo
400,8_lucas_0.wav,8,lucas
401,1_george_47.wav,1,george
402,8_george_25.wav,8,george
403,2_george_0.wav,2,george
404,1_jackson_9.wav,1,jackson
405,8_george_31.wav,8,george
406,1_theo_8.wav,1,theo
407,8_george_19.wav,8,george
408,6_theo_22.wav,6,theo
409,6_george_43.wav,6,george
410,6_theo_36.wav,6,theo
411,0_jackson_40.wav,0,jackson
412,0_nicolas_17.wav,0,nicolas
413,8_yweweler_8.wav,8,yweweler
414,0_lucas_42.wav,0,lucas
415,6_george_8.wav,6,george
416,0_jackson_7.wav,0,jackson
417,1_theo_12.wav,1,theo
418,8_nicolas_16.wav,8,nicolas
419,8_jackson_41.wav,8,jackson
420,0_yweweler_9.wav,0,yweweler
421,4_jackson_21.wav,4,jackson
422,4_jackson_35.wav,4,jackson
423,0_nicolas_0.wav,0,nicolas
424,9_george_17.wav,9,george
425,7_nicolas_28.wav,7,nicolas
426,3_jackson_22.wav,3,jackson
427,8_lucas_16.wav,8,lucas
428,3_jackson_2.wav,3,jackson
429,1_yweweler_32.wav,1,yweweler
430,8_theo_39.wav,8,theo
431,5_theo_45.wav,5,theo
432,1_yweweler_26.wav,1,yweweler
433,3_jackson_36.wav,3,jackson
434,8_yweweler_45.wav,8,yweweler
435,5_george_0.wav,5,george
436,7_nicolas_14.wav,7,nicolas
437,7_jackson_43.wav,7,jackson
438,8_theo_11.wav,8,theo
439,3_nicolas_49.wav,3,nicolas
440,6_yweweler_36.wav,6,yweweler
441,4_george_48.wav,4,george
442,6_yweweler_22.wav,6,yweweler
443,3_nicolas_5.wav,3,nicolas
444,2_theo_6.wav,2,theo
445,7_lucas_42.wav,7,lucas
446,1_george_8.wav,1,george
447,2_theo_49.wav,2,theo
448,4_lucas_6.wav,4,lucas
449,5_george_46.wav,5,george
450,5_george_47.wav,5,george
451,2_theo_48.wav,2,theo
452,4_lucas_7.wav,4,lucas
453,2_theo_7.wav,2,theo
454,1_george_9.wav,1,george
455,7_lucas_43.wav,7,lucas
456,6_yweweler_23.wav,6,yweweler
457,3_nicolas_4.wav,3,nicolas
458,7_jackson_42.wav,7,jackson
459,7_nicolas_15.wav,7,nicolas
460,4_george_49.wav,4,george
461,6_yweweler_37.wav,6,yweweler
462,3_nicolas_48.wav,3,nicolas
463,8_theo_10.wav,8,theo
464,3_jackson_37.wav,3,jackson
465,1_yweweler_27.wav,1,yweweler
466,5_theo_44.wav,5,theo
467,8_theo_38.wav,8,theo
468,5_george_1.wav,5,george
469,8_yweweler_44.wav,8,yweweler
470,7_nicolas_29.wav,7,nicolas
471,1_yweweler_33.wav,1,yweweler
472,3_jackson_3.wav,3,jackson
473,8_lucas_17.wav,8,lucas
474,3_jackson_23.wav,3,jackson
475,4_jackson_34.wav,4,jackson
476,9_george_16.wav,9,george
477,0_nicolas_1.wav,0,nicolas
478,4_jackson_20.wav,4,jackson
479,0_yweweler_8.wav,0,yweweler
480,8_jackson_40.wav,8,jackson
481,8_nicolas_17.wav,8,nicolas
482,6_george_9.wav,6,george
483,0_lucas_43.wav,0,lucas
484,8_yweweler_9.wav,8,yweweler
485,0_nicolas_16.wav,0,nicolas
486,0_jackson_41.wav,0,jackson
487,1_theo_13.wav,1,theo
488,0_jackson_6.wav,0,jackson
489,6_theo_37.wav,6,theo
490,6_george_42.wav,6,george
491,8_george_18.wav,8,george
492,6_theo_23.wav,6,theo
493,1_jackson_8.wav,1,jackson
494,2_george_1.wav,2,george
495,1_theo_9.wav,1,theo
496,8_george_30.wav,8,george
497,8_george_24.wav,8,george
498,1_george_46.wav,1,george
499,3_theo_32.wav,3,theo
500,6_lucas_44.wav,6,lucas
501,8_lucas_1.wav,8,lucas
502,3_theo_26.wav,3,theo
503,0_george_48.wav,0,george
504,2_jackson_27.wav,2,jackson
505,2_jackson_33.wav,2,jackson
506,9_lucas_38.wav,9,lucas
507,4_theo_16.wav,4,theo
508,7_nicolas_5.wav,7,nicolas
509,7_yweweler_46.wav,7,yweweler
510,6_nicolas_39.wav,6,nicolas
511,9_lucas_10.wav,9,lucas
512,9_theo_42.wav,9,theo
513,6_nicolas_11.wav,6,nicolas
514,6_jackson_46.wav,6,jackson
515,9_yweweler_35.wav,9,yweweler
516,7_jackson_2.wav,7,jackson
517,4_george_6.wav,4,george
518,9_yweweler_21.wav,9,yweweler
519,7_theo_2.wav,7,theo
520,0_yweweler_42.wav,0,yweweler
521,1_jackson_45.wav,1,jackson
522,1_nicolas_12.wav,1,nicolas
523,0_theo_41.wav,0,theo
524,5_jackson_18.wav,5,jackson
525,9_nicolas_13.wav,9,nicolas
526,9_jackson_44.wav,9,jackson
527,4_nicolas_0.wav,4,nicolas
528,5_jackson_24.wav,5,jackson
529,4_jackson_7.wav,4,jackson
530,1_lucas_44.wav,1,lucas
531,5_jackson_30.wav,5,jackson
532,3_yweweler_13.wav,3,yweweler
533,1_lucas_2.wav,1,lucas
534,2_george_43.wav,2,george
535,4_yweweler_17.wav,4,yweweler
536,5_jackson_9.wav,5,jackson
537,3_george_6.wav,3,george
538,4_yweweler_15.wav,4,yweweler
539,3_yweweler_39.wav,3,yweweler
540,3_george_4.wav,3,george
541,1_lucas_0.wav,1,lucas
542,4_yweweler_29.wav,4,yweweler
543,3_yweweler_11.wav,3,yweweler
544,2_george_41.wav,2,george
545,1_lucas_46.wav,1,lucas
546,4_jackson_5.wav,4,jackson
547,5_jackson_26.wav,5,jackson
548,9_nicolas_39.wav,9,nicolas
549,1_nicolas_38.wav,1,nicolas
550,5_jackson_32.wav,5,jackson
551,1_nicolas_10.wav,1,nicolas
552,1_jackson_47.wav,1,jackson
553,0_theo_43.wav,0,theo
554,4_nicolas_2.wav,4,nicolas
555,9_jackson_46.wav,9,jackson
556,9_nicolas_11.wav,9,nicolas
557,7_jackson_0.wav,7,jackson
558,2_jackson_19.wav,2,jackson
559,9_yweweler_37.wav,9,yweweler
560,6_jackson_44.wav,6,jackson
561,6_nicolas_13.wav,6,nicolas
562,9_lucas_12.wav,9,lucas
563,9_theo_40.wav,9,theo
564,0_yweweler_40.wav,0,yweweler
565,4_theo_28.wav,4,theo
566,9_yweweler_23.wav,9,yweweler
567,7_theo_0.wav,7,theo
568,4_george_4.wav,4,george
569,2_jackson_25.wav,2,jackson
570,7_yweweler_44.wav,7,yweweler
571,7_nicolas_7.wav,7,nicolas
572,4_theo_14.wav,4,theo
573,2_jackson_31.wav,2,jackson
574,8_lucas_3.wav,8,lucas
575,6_lucas_46.wav,6,lucas
576,3_theo_30.wav,3,theo
577,3_theo_24.wav,3,theo
578,6_nicolas_9.wav,6,nicolas
579,3_theo_18.wav,3,theo
580,1_george_44.wav,1,george
581,8_george_32.wav,8,george
582,4_lucas_49.wav,4,lucas
583,2_george_3.wav,2,george
584,2_yweweler_48.wav,2,yweweler
585,8_george_26.wav,8,george
586,6_george_40.wav,6,george
587,6_theo_35.wav,6,theo
588,6_theo_21.wav,6,theo
589,9_george_28.wav,9,george
590,8_nicolas_15.wav,8,nicolas
591,8_jackson_42.wav,8,jackson
592,0_jackson_4.wav,0,jackson
593,1_theo_11.wav,1,theo
594,4_nicolas_49.wav,4,nicolas
595,0_jackson_43.wav,0,jackson
596,0_nicolas_14.wav,0,nicolas
597,0_lucas_41.wav,0,lucas
598,0_nicolas_3.wav,0,nicolas
599,9_george_14.wav,9,george
600,8_nicolas_29.wav,8,nicolas
601,1_theo_39.wav,1,theo
602,4_jackson_36.wav,4,jackson
603,4_jackson_22.wav,4,jackson
604,0_nicolas_28.wav,0,nicolas
605,3_lucas_9.wav,3,lucas
606,3_lucas_49.wav,3,lucas
607,8_yweweler_46.wav,8,yweweler
608,5_george_3.wav,5,george
609,5_theo_46.wav,5,theo
610,1_yweweler_25.wav,1,yweweler
611,3_jackson_35.wav,3,jackson
612,3_jackson_21.wav,3,jackson
613,3_jackson_1.wav,3,jackson
614,8_lucas_15.wav,8,lucas
615,1_yweweler_31.wav,1,yweweler
616,3_nicolas_6.wav,3,nicolas
617,6_yweweler_21.wav,6,yweweler
618,7_yweweler_9.wav,7,yweweler
619,1_yweweler_19.wav,1,yweweler
620,8_lucas_29.wav,8,lucas
621,8_theo_12.wav,8,theo
622,6_yweweler_35.wav,6,yweweler
623,7_nicolas_17.wav,7,nicolas
624,7_jackson_40.wav,7,jackson
625,4_lucas_5.wav,4,lucas
626,7_lucas_41.wav,7,lucas
627,2_theo_5.wav,2,theo
628,5_george_45.wav,5,george
629,2_nicolas_8.wav,2,nicolas
630,2_nicolas_9.wav,2,nicolas
631,5_george_44.wav,5,george
632,7_lucas_40.wav,7,lucas
633,2_theo_4.wav,2,theo
634,4_lucas_4.wav,4,lucas
635,6_yweweler_34.wav,6,yweweler
636,8_theo_13.wav,8,theo
637,8_lucas_28.wav,8,lucas
638,7_jackson_41.wav,7,jackson
639,7_nicolas_16.wav,7,nicolas
640,3_nicolas_7.wav,3,nicolas
641,1_yweweler_18.wav,1,yweweler
642,7_yweweler_8.wav,7,yweweler
643,6_yweweler_20.wav,6,yweweler
644,1_yweweler_30.wav,1,yweweler
645,8_lucas_14.wav,8,lucas
646,3_jackson_0.wav,3,jackson
647,3_jackson_20.wav,3,jackson
648,5_george_2.wav,5,george
649,8_yweweler_47.wav,8,yweweler
650,3_lucas_48.wav,3,lucas
651,3_lucas_8.wav,3,lucas
652,3_jackson_34.wav,3,jackson
653,1_yweweler_24.wav,1,yweweler
654,5_theo_47.wav,5,theo
655,4_jackson_23.wav,4,jackson
656,0_nicolas_29.wav,0,nicolas
657,9_george_15.wav,9,george
658,0_nicolas_2.wav,0,nicolas
659,4_jackson_37.wav,4,jackson
660,1_theo_38.wav,1,theo
661,8_nicolas_28.wav,8,nicolas
662,4_nicolas_48.wav,4,nicolas
663,1_theo_10.wav,1,theo
664,0_jackson_5.wav,0,jackson
665,0_lucas_40.wav,0,lucas
666,0_nicolas_15.wav,0,nicolas
667,0_jackson_42.wav,0,jackson
668,9_george_29.wav,9,george
669,8_jackson_43.wav,8,jackson
670,8_nicolas_14.wav,8,nicolas
671,6_theo_20.wav,6,theo
672,6_theo_34.wav,6,theo
673,6_george_41.wav,6,george
674,2_yweweler_49.wav,2,yweweler
675,8_george_27.wav,8,george
676,8_george_33.wav,8,george
677,2_george_2.wav,2,george
678,4_lucas_48.wav,4,lucas
679,3_theo_19.wav,3,theo
680,1_george_45.wav,1,george
681,6_nicolas_8.wav,6,nicolas
682,3_theo_25.wav,3,theo
683,8_lucas_2.wav,8,lucas
684,3_theo_31.wav,3,theo
685,6_lucas_47.wav,6,lucas
686,4_theo_15.wav,4,theo
687,7_nicolas_6.wav,7,nicolas
688,7_yweweler_45.wav,7,yweweler
689,2_jackson_30.wav,2,jackson
690,2_jackson_24.wav,2,jackson
691,4_theo_29.wav,4,theo
692,0_yweweler_41.wav,0,yweweler
693,4_george_5.wav,4,george
694,7_theo_1.wav,7,theo
695,9_yweweler_22.wav,9,yweweler
696,9_yweweler_36.wav,9,yweweler
697,2_jackson_18.wav,2,jackson
698,7_jackson_1.wav,7,jackson
699,9_theo_41.wav,9,theo
700,9_lucas_13.wav,9,lucas
701,6_nicolas_12.wav,6,nicolas
702,6_jackson_45.wav,6,jackson
703,4_nicolas_3.wav,4,nicolas
704,9_nicolas_10.wav,9,nicolas
705,9_jackson_47.wav,9,jackson
706,0_theo_42.wav,0,theo
707,1_jackson_46.wav,1,jackson
708,1_nicolas_11.wav,1,nicolas
709,1_nicolas_39.wav,1,nicolas
710,5_jackson_33.wav,5,jackson
711,9_nicolas_38.wav,9,nicolas
712,5_jackson_27.wav,5,jackson
713,4_jackson_4.wav,4,jackson
714,1_lucas_47.wav,1,lucas
715,2_george_40.wav,2,george
716,1_lucas_1.wav,1,lucas
717,3_yweweler_10.wav,3,yweweler
718,4_yweweler_28.wav,4,yweweler
719,3_george_5.wav,3,george
720,3_yweweler_38.wav,3,yweweler
721,4_yweweler_14.wav,4,yweweler
722,8_george_2.wav,8,george
723,2_george_33.wav,2,george
724,7_theo_29.wav,7,theo
725,5_lucas_14.wav,5,lucas
726,2_george_27.wav,2,george
727,7_theo_15.wav,7,theo
728,5_lucas_28.wav,5,lucas
729,0_theo_1.wav,0,theo
730,9_jackson_34.wav,9,jackson
731,3_george_29.wav,3,george
732,0_theo_25.wav,0,theo
733,1_jackson_21.wav,1,jackson
734,0_theo_31.wav,0,theo
735,1_jackson_35.wav,1,jackson
736,9_jackson_20.wav,9,jackson
737,3_george_15.wav,3,george
738,1_lucas_20.wav,1,lucas
739,5_nicolas_17.wav,5,nicolas
740,5_jackson_40.wav,5,jackson
741,0_theo_19.wav,0,theo
742,5_yweweler_9.wav,5,yweweler
743,1_lucas_34.wav,1,lucas
744,2_jackson_43.wav,2,jackson
745,2_nicolas_14.wav,2,nicolas
746,6_nicolas_49.wav,6,nicolas
747,7_yweweler_36.wav,7,yweweler
748,9_lucas_48.wav,9,lucas
749,9_jackson_0.wav,9,jackson
750,7_yweweler_22.wav,7,yweweler
751,2_lucas_14.wav,2,lucas
752,0_george_38.wav,0,george
753,9_nicolas_7.wav,9,nicolas
754,2_nicolas_28.wav,2,nicolas
755,0_george_10.wav,0,george
756,9_theo_26.wav,9,theo
757,0_yweweler_32.wav,0,yweweler
758,6_jackson_22.wav,6,jackson
759,6_jackson_36.wav,6,jackson
760,9_theo_32.wav,9,theo
761,0_yweweler_26.wav,0,yweweler
762,9_yweweler_45.wav,9,yweweler
763,2_lucas_28.wav,2,lucas
764,2_lucas_1.wav,2,lucas
765,1_george_36.wav,1,george
766,1_george_22.wav,1,george
767,8_theo_7.wav,8,theo
768,6_lucas_20.wav,6,lucas
769,6_lucas_34.wav,6,lucas
770,3_theo_42.wav,3,theo
771,8_nicolas_9.wav,8,nicolas
772,6_george_26.wav,6,george
773,4_lucas_13.wav,4,lucas
774,2_yweweler_12.wav,2,yweweler
775,6_george_32.wav,6,george
776,6_theo_47.wav,6,theo
777,9_george_5.wav,9,george
778,0_lucas_8.wav,0,lucas
779,5_yweweler_16.wav,5,yweweler
780,8_george_40.wav,8,george
781,8_jackson_18.wav,8,jackson
782,4_jackson_44.wav,4,jackson
783,4_nicolas_13.wav,4,nicolas
784,7_george_28.wav,7,george
785,0_jackson_19.wav,0,jackson
786,7_lucas_4.wav,7,lucas
787,0_lucas_33.wav,0,lucas
788,0_jackson_31.wav,0,jackson
789,8_jackson_24.wav,8,jackson
790,7_george_14.wav,7,george
791,8_jackson_30.wav,8,jackson
792,0_lucas_27.wav,0,lucas
793,5_theo_4.wav,5,theo
794,0_jackson_25.wav,0,jackson
795,7_jackson_32.wav,7,jackson
796,3_lucas_13.wav,3,lucas
797,6_yweweler_47.wav,6,yweweler
798,3_nicolas_38.wav,3,nicolas
799,4_george_39.wav,4,george
800,7_jackson_26.wav,7,jackson
801,8_yweweler_20.wav,8,yweweler
802,5_theo_20.wav,5,theo
803,1_yweweler_43.wav,1,yweweler
804,8_theo_48.wav,8,theo
805,5_theo_34.wav,5,theo
806,3_nicolas_10.wav,3,nicolas
807,3_jackson_47.wav,3,jackson
808,4_george_11.wav,4,george
809,8_yweweler_34.wav,8,yweweler
810,2_theo_10.wav,2,theo
811,5_george_23.wav,5,george
812,5_george_37.wav,5,george
813,7_lucas_33.wav,7,lucas
814,2_theo_38.wav,2,theo
815,7_lucas_27.wav,7,lucas
816,7_lucas_26.wav,7,lucas
817,2_theo_39.wav,2,theo
818,7_lucas_32.wav,7,lucas
819,5_george_36.wav,5,george
820,5_george_22.wav,5,george
821,2_theo_11.wav,2,theo
822,4_george_10.wav,4,george
823,3_jackson_46.wav,3,jackson
824,3_nicolas_11.wav,3,nicolas
825,5_theo_35.wav,5,theo
826,8_theo_49.wav,8,theo
827,8_yweweler_35.wav,8,yweweler
828,8_yweweler_21.wav,8,yweweler
829,1_yweweler_42.wav,1,yweweler
830,5_theo_21.wav,5,theo
831,7_jackson_27.wav,7,jackson
832,3_lucas_12.wav,3,lucas
833,7_jackson_33.wav,7,jackson
834,4_george_38.wav,4,george
835,3_nicolas_39.wav,3,nicolas
836,6_yweweler_46.wav,6,yweweler
837,8_jackson_31.wav,8,jackson
838,7_george_15.wav,7,george
839,5_theo_5.wav,5,theo
840,0_jackson_24.wav,0,jackson
841,0_lucas_26.wav,0,lucas
842,0_jackson_30.wav,0,jackson
843,0_lucas_32.wav,0,lucas
844,8_jackson_25.wav,8,jackson
845,7_george_29.wav,7,george
846,4_nicolas_12.wav,4,nicolas
847,4_jackson_45.wav,4,jackson
848,7_lucas_5.wav,7,lucas
849,0_jackson_18.wav,0,jackson
850,8_jackson_19.wav,8,jackson
851,5_yweweler_17.wav,5,yweweler
852,8_george_41.wav,8,george
853,6_theo_46.wav,6,theo
854,6_george_33.wav,6,george
855,2_yweweler_13.wav,2,yweweler
856,0_lucas_9.wav,0,lucas
857,9_george_4.wav,9,george
858,4_lucas_12.wav,4,lucas
859,6_george_27.wav,6,george
860,3_theo_43.wav,3,theo
861,6_lucas_35.wav,6,lucas
862,8_nicolas_8.wav,8,nicolas
863,8_theo_6.wav,8,theo
864,6_lucas_21.wav,6,lucas
865,1_george_23.wav,1,george
866,1_george_37.wav,1,george
867,0_yweweler_27.wav,0,yweweler
868,9_theo_33.wav,9,theo
869,6_jackson_37.wav,6,jackson
870,2_lucas_0.wav,2,lucas
871,2_lucas_29.wav,2,lucas
872,9_yweweler_44.wav,9,yweweler
873,0_george_11.wav,0,george
874,9_nicolas_6.wav,9,nicolas
875,2_nicolas_29.wav,2,nicolas
876,6_jackson_23.wav,6,jackson
877,0_yweweler_33.wav,0,yweweler
878,9_theo_27.wav,9,theo
879,7_yweweler_23.wav,7,yweweler
880,9_jackson_1.wav,9,jackson
881,0_george_39.wav,0,george
882,2_lucas_15.wav,2,lucas
883,2_nicolas_15.wav,2,nicolas
884,2_jackson_42.wav,2,jackson
885,9_lucas_49.wav,9,lucas
886,7_yweweler_37.wav,7,yweweler
887,6_nicolas_48.wav,6,nicolas
888,5_yweweler_8.wav,5,yweweler
889,1_lucas_35.wav,1,lucas
890,5_jackson_41.wav,5,jackson
891,5_nicolas_16.wav,5,nicolas
892,1_lucas_21.wav,1,lucas
893,3_george_14.wav,3,george
894,0_theo_18.wav,0,theo
895,1_jackson_34.wav,1,jackson
896,0_theo_30.wav,0,theo
897,9_jackson_21.wav,9,jackson
898,3_george_28.wav,3,george
899,9_jackson_35.wav,9,jackson
900,1_jackson_20.wav,1,jackson
901,0_theo_24.wav,0,theo
902,5_lucas_29.wav,5,lucas
903,0_theo_0.wav,0,theo
904,7_theo_14.wav,7,theo
905,5_lucas_15.wav,5,lucas
906,2_george_26.wav,2,george
907,2_george_32.wav,2,george
908,8_george_3.wav,8,george
909,7_theo_28.wav,7,theo
910,2_george_24.wav,2,george
911,5_lucas_17.wav,5,lucas
912,8_george_1.wav,8,george
913,2_george_30.wav,2,george
914,2_george_18.wav,2,george
915,0_theo_2.wav,0,theo
916,7_theo_16.wav,7,theo
917,3_yweweler_48.wav,3,yweweler
918,9_jackson_23.wav,9,jackson
919,1_jackson_36.wav,1,jackson
920,0_theo_32.wav,0,theo
921,1_jackson_22.wav,1,jackson
922,0_theo_26.wav,0,theo
923,5_nicolas_28.wav,5,nicolas
924,9_jackson_37.wav,9,jackson
925,1_lucas_37.wav,1,lucas
926,9_nicolas_48.wav,9,nicolas
927,1_nicolas_49.wav,1,nicolas
928,3_george_16.wav,3,george
929,1_lucas_23.wav,1,lucas
930,5_nicolas_14.wav,5,nicolas
931,5_jackson_43.wav,5,jackson
932,2_lucas_17.wav,2,lucas
933,2_yweweler_9.wav,2,yweweler
934,9_jackson_3.wav,9,jackson
935,0_yweweler_19.wav,0,yweweler
936,7_yweweler_21.wav,7,yweweler
937,7_yweweler_35.wav,7,yweweler
938,9_theo_19.wav,9,theo
939,2_jackson_40.wav,2,jackson
940,2_nicolas_17.wav,2,nicolas
941,9_yweweler_46.wav,9,yweweler
942,2_lucas_2.wav,2,lucas
943,6_jackson_35.wav,6,jackson
944,9_theo_31.wav,9,theo
945,0_yweweler_25.wav,0,yweweler
946,9_theo_25.wav,9,theo
947,0_yweweler_31.wav,0,yweweler
948,6_jackson_21.wav,6,jackson
949,9_nicolas_4.wav,9,nicolas
950,0_george_13.wav,0,george
951,1_george_21.wav,1,george
952,1_george_35.wav,1,george
953,6_lucas_37.wav,6,lucas
954,3_theo_41.wav,3,theo
955,6_lucas_23.wav,6,lucas
956,8_theo_4.wav,8,theo
957,9_george_6.wav,9,george
958,2_yweweler_11.wav,2,yweweler
959,6_george_31.wav,6,george
960,6_theo_44.wav,6,theo
961,5_yweweler_29.wav,5,yweweler
962,6_george_25.wav,6,george
963,4_lucas_10.wav,4,lucas
964,8_george_43.wav,8,george
965,5_yweweler_15.wav,5,yweweler
966,4_lucas_38.wav,4,lucas
967,2_yweweler_39.wav,2,yweweler
968,6_george_19.wav,6,george
969,0_lucas_18.wav,0,lucas
970,7_lucas_7.wav,7,lucas
971,1_theo_48.wav,1,theo
972,4_jackson_47.wav,4,jackson
973,4_nicolas_10.wav,4,nicolas
974,0_lucas_24.wav,0,lucas
975,0_jackson_26.wav,0,jackson
976,5_theo_7.wav,5,theo
977,7_george_17.wav,7,george
978,8_jackson_33.wav,8,jackson
979,8_jackson_27.wav,8,jackson
980,4_nicolas_38.wav,4,nicolas
981,0_lucas_30.wav,0,lucas
982,0_jackson_32.wav,0,jackson
983,7_jackson_25.wav,7,jackson
984,6_yweweler_44.wav,6,yweweler
985,7_jackson_31.wav,7,jackson
986,3_lucas_10.wav,3,lucas
987,7_jackson_19.wav,7,jackson
988,3_lucas_38.wav,3,lucas
989,8_yweweler_37.wav,8,yweweler
990,5_theo_37.wav,5,theo
991,3_nicolas_13.wav,3,nicolas
992,3_jackson_44.wav,3,jackson
993,4_george_12.wav,4,george
994,5_theo_23.wav,5,theo
995,1_yweweler_40.wav,1,yweweler
996,6_theo_9.wav,6,theo
997,8_yweweler_23.wav,8,yweweler
998,7_lucas_18.wav,7,lucas
999,5_george_34.wav,5,george
1000,2_theo_13.wav,2,theo
1001,5_george_20.wav,5,george
1002,9_lucas_8.wav,9,lucas
1003,7_lucas_24.wav,7,lucas
1004,7_lucas_30.wav,7,lucas
1005,7_lucas_31.wav,7,lucas
1006,9_lucas_9.wav,9,lucas
1007,7_lucas_25.wav,7,lucas
1008,5_george_21.wav,5,george
1009,2_theo_12.wav,2,theo
1010,5_george_35.wav,5,george
1011,7_lucas_19.wav,7,lucas
1012,1_yweweler_41.wav,1,yweweler
1013,5_theo_22.wav,5,theo
1014,8_yweweler_22.wav,8,yweweler
1015,6_theo_8.wav,6,theo
1016,8_yweweler_36.wav,8,yweweler
1017,3_lucas_39.wav,3,lucas
1018,7_jackson_18.wav,7,jackson
1019,4_george_13.wav,4,george
1020,3_jackson_45.wav,3,jackson
1021,3_nicolas_12.wav,3,nicolas
1022,5_theo_36.wav,5,theo
1023,6_yweweler_45.wav,6,yweweler
1024,3_lucas_11.wav,3,lucas
1025,7_jackson_30.wav,7,jackson
1026,7_jackson_24.wav,7,jackson
1027,4_nicolas_39.wav,4,nicolas
1028,8_jackson_26.wav,8,jackson
1029,0_jackson_33.wav,0,jackson
1030,0_lucas_31.wav,0,lucas
1031,0_jackson_27.wav,0,jackson
1032,5_theo_6.wav,5,theo
1033,0_lucas_25.wav,0,lucas
1034,8_jackson_32.wav,8,jackson
1035,7_george_16.wav,7,george
1036,7_lucas_6.wav,7,lucas
1037,0_lucas_19.wav,0,lucas
1038,4_nicolas_11.wav,4,nicolas
1039,4_jackson_46.wav,4,jackson
1040,1_theo_49.wav,1,theo
1041,6_george_18.wav,6,george
1042,2_yweweler_38.wav,2,yweweler
1043,8_george_42.wav,8,george
1044,4_lucas_39.wav,4,lucas
1045,5_yweweler_14.wav,5,yweweler
1046,4_lucas_11.wav,4,lucas
1047,6_george_24.wav,6,george
1048,9_george_7.wav,9,george
1049,5_yweweler_28.wav,5,yweweler
1050,6_theo_45.wav,6,theo
1051,6_george_30.wav,6,george
1052,2_yweweler_10.wav,2,yweweler
1053,6_lucas_22.wav,6,lucas
1054,8_theo_5.wav,8,theo
1055,3_theo_40.wav,3,theo
1056,6_lucas_36.wav,6,lucas
1057,1_george_34.wav,1,george
1058,1_george_20.wav,1,george
1059,6_jackson_20.wav,6,jackson
1060,0_yweweler_30.wav,0,yweweler
1061,9_theo_24.wav,9,theo
1062,0_george_12.wav,0,george
1063,9_nicolas_5.wav,9,nicolas
1064,2_lucas_3.wav,2,lucas
1065,9_yweweler_47.wav,9,yweweler
1066,0_yweweler_24.wav,0,yweweler
1067,9_theo_30.wav,9,theo
1068,6_jackson_34.wav,6,jackson
1069,9_theo_18.wav,9,theo
1070,7_yweweler_34.wav,7,yweweler
1071,2_nicolas_16.wav,2,nicolas
1072,2_jackson_41.wav,2,jackson
1073,2_lucas_16.wav,2,lucas
1074,7_yweweler_20.wav,7,yweweler
1075,0_yweweler_18.wav,0,yweweler
1076,9_jackson_2.wav,9,jackson
1077,2_yweweler_8.wav,2,yweweler
1078,1_nicolas_48.wav,1,nicolas
1079,5_jackson_42.wav,5,jackson
1080,5_nicolas_15.wav,5,nicolas
1081,1_lucas_22.wav,1,lucas
1082,3_george_17.wav,3,george
1083,9_nicolas_49.wav,9,nicolas
1084,1_lucas_36.wav,1,lucas
1085,0_theo_27.wav,0,theo
1086,1_jackson_23.wav,1,jackson
1087,9_jackson_36.wav,9,jackson
1088,5_nicolas_29.wav,5,nicolas
1089,9_jackson_22.wav,9,jackson
1090,0_theo_33.wav,0,theo
1091,1_jackson_37.wav,1,jackson
1092,3_yweweler_49.wav,3,yweweler
1093,7_theo_17.wav,7,theo
1094,0_theo_3.wav,0,theo
1095,2_george_19.wav,2,george
1096,2_george_31.wav,2,george
1097,8_george_0.wav,8,george
1098,2_george_25.wav,2,george
1099,5_lucas_16.wav,5,lucas
1100,0_theo_7.wav,0,theo
1101,7_theo_13.wav,7,theo
1102,5_lucas_12.wav,5,lucas
1103,2_george_21.wav,2,george
1104,8_george_4.wav,8,george
1105,2_george_35.wav,2,george
1106,4_yweweler_49.wav,4,yweweler
1107,1_lucas_32.wav,1,lucas
1108,3_george_13.wav,3,george
1109,1_lucas_26.wav,1,lucas
1110,5_nicolas_11.wav,5,nicolas
1111,5_jackson_46.wav,5,jackson
1112,1_jackson_33.wav,1,jackson
1113,0_theo_37.wav,0,theo
1114,9_jackson_26.wav,9,jackson
1115,5_nicolas_39.wav,5,nicolas
1116,9_jackson_32.wav,9,jackson
1117,1_jackson_27.wav,1,jackson
1118,0_theo_23.wav,0,theo
1119,6_jackson_30.wav,6,jackson
1120,7_yweweler_18.wav,7,yweweler
1121,0_yweweler_20.wav,0,yweweler
1122,4_theo_48.wav,4,theo
1123,9_theo_34.wav,9,theo
1124,2_lucas_7.wav,2,lucas
1125,9_yweweler_43.wav,9,yweweler
1126,9_nicolas_1.wav,9,nicolas
1127,0_george_16.wav,0,george
1128,0_yweweler_34.wav,0,yweweler
1129,9_theo_20.wav,9,theo
1130,6_jackson_24.wav,6,jackson
1131,9_jackson_6.wav,9,jackson
1132,7_yweweler_24.wav,7,yweweler
1133,2_lucas_12.wav,2,lucas
1134,2_jackson_45.wav,2,jackson
1135,2_nicolas_12.wav,2,nicolas
1136,7_yweweler_30.wav,7,yweweler
1137,6_jackson_18.wav,6,jackson
1138,6_lucas_32.wav,6,lucas
1139,3_theo_44.wav,3,theo
1140,1_george_18.wav,1,george
1141,3_theo_9.wav,3,theo
1142,8_theo_1.wav,8,theo
1143,6_lucas_26.wav,6,lucas
1144,1_george_24.wav,1,george
1145,1_george_30.wav,1,george
1146,8_jackson_8.wav,8,jackson
1147,5_yweweler_10.wav,5,yweweler
1148,2_yweweler_28.wav,2,yweweler
1149,8_george_46.wav,8,george
1150,4_lucas_29.wav,4,lucas
1151,2_yweweler_14.wav,2,yweweler
1152,6_george_34.wav,6,george
1153,6_theo_41.wav,6,theo
1154,9_george_3.wav,9,george
1155,6_george_20.wav,6,george
1156,4_lucas_15.wav,4,lucas
1157,5_yweweler_38.wav,5,yweweler
1158,7_george_12.wav,7,george
1159,4_nicolas_29.wav,4,nicolas
1160,8_jackson_36.wav,8,jackson
1161,5_theo_2.wav,5,theo
1162,0_jackson_23.wav,0,jackson
1163,0_lucas_21.wav,0,lucas
1164,0_jackson_37.wav,0,jackson
1165,0_lucas_35.wav,0,lucas
1166,9_george_48.wav,9,george
1167,8_jackson_22.wav,8,jackson
1168,4_jackson_42.wav,4,jackson
1169,4_nicolas_15.wav,4,nicolas
1170,0_nicolas_48.wav,0,nicolas
1171,7_lucas_2.wav,7,lucas
1172,8_nicolas_49.wav,8,nicolas
1173,5_theo_32.wav,5,theo
1174,3_nicolas_16.wav,3,nicolas
1175,3_jackson_41.wav,3,jackson
1176,4_george_17.wav,4,george
1177,8_yweweler_32.wav,8,yweweler
1178,3_yweweler_8.wav,3,yweweler
1179,3_lucas_29.wav,3,lucas
1180,8_yweweler_26.wav,8,yweweler
1181,5_theo_26.wav,5,theo
1182,1_yweweler_45.wav,1,yweweler
1183,8_lucas_49.wav,8,lucas
1184,7_jackson_20.wav,7,jackson
1185,3_lucas_15.wav,3,lucas
1186,7_jackson_34.wav,7,jackson
1187,6_yweweler_41.wav,6,yweweler
1188,7_lucas_21.wav,7,lucas
1189,5_george_19.wav,5,george
1190,7_lucas_35.wav,7,lucas
1191,5_george_31.wav,5,george
1192,2_theo_16.wav,2,theo
1193,5_george_25.wav,5,george
1194,5_george_24.wav,5,george
1195,2_theo_17.wav,2,theo
1196,5_george_30.wav,5,george
1197,7_lucas_34.wav,7,lucas
1198,5_george_18.wav,5,george
1199,7_lucas_20.wav,7,lucas
1200,7_jackson_35.wav,7,jackson
1201,3_lucas_14.wav,3,lucas
1202,6_yweweler_40.wav,6,yweweler
1203,8_lucas_48.wav,8,lucas
1204,7_jackson_21.wav,7,jackson
1205,8_yweweler_27.wav,8,yweweler
1206,3_lucas_28.wav,3,lucas
1207,3_yweweler_9.wav,3,yweweler
1208,1_yweweler_44.wav,1,yweweler
1209,5_theo_27.wav,5,theo
1210,4_george_16.wav,4,george
1211,3_jackson_40.wav,3,jackson
1212,3_nicolas_17.wav,3,nicolas
1213,5_theo_33.wav,5,theo
1214,8_yweweler_33.wav,8,yweweler
1215,8_nicolas_48.wav,8,nicolas
1216,4_nicolas_14.wav,4,nicolas
1217,4_jackson_43.wav,4,jackson
1218,7_lucas_3.wav,7,lucas
1219,0_nicolas_49.wav,0,nicolas
1220,9_george_49.wav,9,george
1221,0_lucas_34.wav,0,lucas
1222,0_jackson_36.wav,0,jackson
1223,8_jackson_23.wav,8,jackson
1224,8_jackson_37.wav,8,jackson
1225,4_nicolas_28.wav,4,nicolas
1226,7_george_13.wav,7,george
1227,0_lucas_20.wav,0,lucas
1228,5_theo_3.wav,5,theo
1229,0_jackson_22.wav,0,jackson
1230,5_yweweler_39.wav,5,yweweler
1231,4_lucas_14.wav,4,lucas
1232,6_george_21.wav,6,george
1233,6_theo_40.wav,6,theo
1234,6_george_35.wav,6,george
1235,2_yweweler_15.wav,2,yweweler
1236,9_george_2.wav,9,george
1237,4_lucas_28.wav,4,lucas
1238,2_yweweler_29.wav,2,yweweler
1239,5_yweweler_11.wav,5,yweweler
1240,8_george_47.wav,8,george
1241,1_george_31.wav,1,george
1242,8_jackson_9.wav,8,jackson
1243,1_george_25.wav,1,george
1244,8_theo_0.wav,8,theo
1245,3_theo_8.wav,3,theo
1246,6_lucas_27.wav,6,lucas
1247,3_theo_45.wav,3,theo
1248,6_lucas_33.wav,6,lucas
1249,1_george_19.wav,1,george
1250,2_nicolas_13.wav,2,nicolas
1251,2_jackson_44.wav,2,jackson
1252,6_jackson_19.wav,6,jackson
1253,7_yweweler_31.wav,7,yweweler
1254,7_yweweler_25.wav,7,yweweler
1255,9_jackson_7.wav,9,jackson
1256,2_lucas_13.wav,2,lucas
1257,0_george_17.wav,0,george
1258,9_nicolas_0.wav,9,nicolas
1259,6_jackson_25.wav,6,jackson
1260,9_theo_21.wav,9,theo
1261,0_yweweler_35.wav,0,yweweler
1262,9_theo_35.wav,9,theo
1263,4_theo_49.wav,4,theo
1264,0_yweweler_21.wav,0,yweweler
1265,7_yweweler_19.wav,7,yweweler
1266,6_jackson_31.wav,6,jackson
1267,9_yweweler_42.wav,9,yweweler
1268,2_lucas_6.wav,2,lucas
1269,9_jackson_33.wav,9,jackson
1270,0_theo_22.wav,0,theo
1271,1_jackson_26.wav,1,jackson
1272,0_theo_36.wav,0,theo
1273,1_jackson_32.wav,1,jackson
1274,5_nicolas_38.wav,5,nicolas
1275,9_jackson_27.wav,9,jackson
1276,5_jackson_47.wav,5,jackson
1277,5_nicolas_10.wav,5,nicolas
1278,1_lucas_27.wav,1,lucas
1279,3_george_12.wav,3,george
1280,1_lucas_33.wav,1,lucas
1281,2_george_34.wav,2,george
1282,8_george_5.wav,8,george
1283,4_yweweler_48.wav,4,yweweler
1284,5_lucas_13.wav,5,lucas
1285,2_george_20.wav,2,george
1286,7_theo_12.wav,7,theo
1287,0_theo_6.wav,0,theo
1288,5_lucas_39.wav,5,lucas
1289,7_theo_10.wav,7,theo
1290,0_theo_4.wav,0,theo
1291,8_george_7.wav,8,george
1292,2_george_36.wav,2,george
1293,2_george_22.wav,2,george
1294,5_lucas_11.wav,5,lucas
1295,7_theo_38.wav,7,theo
1296,1_jackson_18.wav,1,jackson
1297,3_george_10.wav,3,george
1298,1_lucas_25.wav,1,lucas
1299,5_nicolas_12.wav,5,nicolas
1300,5_jackson_45.wav,5,jackson
1301,1_lucas_31.wav,1,lucas
1302,9_jackson_19.wav,9,jackson
1303,0_theo_20.wav,0,theo
1304,1_jackson_24.wav,1,jackson
1305,1_lucas_19.wav,1,lucas
1306,9_jackson_31.wav,9,jackson
1307,3_george_38.wav,3,george
1308,9_jackson_25.wav,9,jackson
1309,0_theo_34.wav,0,theo
1310,1_jackson_30.wav,1,jackson
1311,0_yweweler_37.wav,0,yweweler
1312,9_theo_23.wav,9,theo
1313,6_jackson_27.wav,6,jackson
1314,9_nicolas_2.wav,9,nicolas
1315,2_lucas_39.wav,2,lucas
1316,0_george_15.wav,0,george
1317,2_nicolas_39.wav,2,nicolas
1318,2_lucas_4.wav,2,lucas
1319,9_yweweler_40.wav,9,yweweler
1320,6_jackson_33.wav,6,jackson
1321,0_yweweler_23.wav,0,yweweler
1322,9_theo_37.wav,9,theo
1323,7_yweweler_33.wav,7,yweweler
1324,0_george_29.wav,0,george
1325,2_jackson_46.wav,2,jackson
1326,2_nicolas_11.wav,2,nicolas
1327,2_lucas_11.wav,2,lucas
1328,9_jackson_5.wav,9,jackson
1329,7_yweweler_27.wav,7,yweweler
1330,6_lucas_25.wav,6,lucas
1331,8_theo_2.wav,8,theo
1332,5_lucas_8.wav,5,lucas
1333,6_lucas_31.wav,6,lucas
1334,3_theo_47.wav,3,theo
1335,6_lucas_19.wav,6,lucas
1336,1_george_33.wav,1,george
1337,1_george_27.wav,1,george
1338,8_george_45.wav,8,george
1339,5_yweweler_13.wav,5,yweweler
1340,6_george_23.wav,6,george
1341,4_lucas_16.wav,4,lucas
1342,9_george_0.wav,9,george
1343,2_yweweler_17.wav,2,yweweler
1344,6_george_37.wav,6,george
1345,6_theo_42.wav,6,theo
1346,8_jackson_21.wav,8,jackson
1347,0_jackson_34.wav,0,jackson
1348,0_lucas_36.wav,0,lucas
1349,0_jackson_20.wav,0,jackson
1350,5_theo_1.wav,5,theo
1351,0_lucas_22.wav,0,lucas
1352,7_george_11.wav,7,george
1353,8_jackson_35.wav,8,jackson
1354,7_george_39.wav,7,george
1355,4_yweweler_8.wav,4,yweweler
1356,7_lucas_1.wav,7,lucas
1357,4_jackson_41.wav,4,jackson
1358,4_nicolas_16.wav,4,nicolas
1359,5_theo_25.wav,5,theo
1360,1_yweweler_46.wav,1,yweweler
1361,8_yweweler_25.wav,8,yweweler
1362,7_nicolas_48.wav,7,nicolas
1363,8_yweweler_31.wav,8,yweweler
1364,5_theo_31.wav,5,theo
1365,3_nicolas_15.wav,3,nicolas
1366,3_jackson_42.wav,3,jackson
1367,4_george_14.wav,4,george
1368,5_theo_19.wav,5,theo
1369,6_yweweler_42.wav,6,yweweler
1370,3_lucas_16.wav,3,lucas
1371,7_jackson_37.wav,7,jackson
1372,8_yweweler_19.wav,8,yweweler
1373,7_jackson_23.wav,7,jackson
1374,3_nicolas_29.wav,3,nicolas
1375,4_george_28.wav,4,george
1376,7_lucas_36.wav,7,lucas
1377,2_theo_29.wav,2,theo
1378,7_lucas_22.wav,7,lucas
1379,2_theo_15.wav,2,theo
1380,5_george_26.wav,5,george
1381,5_george_32.wav,5,george
1382,5_george_33.wav,5,george
1383,5_george_27.wav,5,george
1384,2_theo_14.wav,2,theo
1385,7_lucas_23.wav,7,lucas
1386,2_theo_28.wav,2,theo
1387,7_lucas_37.wav,7,lucas
1388,7_jackson_22.wav,7,jackson
1389,4_george_29.wav,4,george
1390,3_nicolas_28.wav,3,nicolas
1391,6_yweweler_43.wav,6,yweweler
1392,5_theo_18.wav,5,theo
1393,8_yweweler_18.wav,8,yweweler
1394,7_jackson_36.wav,7,jackson
1395,3_lucas_17.wav,3,lucas
1396,8_yweweler_30.wav,8,yweweler
1397,7_nicolas_49.wav,7,nicolas
1398,4_george_15.wav,4,george
1399,3_jackson_43.wav,3,jackson
1400,3_nicolas_14.wav,3,nicolas
1401,5_theo_30.wav,5,theo
1402,1_yweweler_47.wav,1,yweweler
1403,5_theo_24.wav,5,theo
1404,8_yweweler_24.wav,8,yweweler
1405,7_lucas_0.wav,7,lucas
1406,4_nicolas_17.wav,4,nicolas
1407,4_jackson_40.wav,4,jackson
1408,7_george_38.wav,7,george
1409,4_yweweler_9.wav,4,yweweler
1410,0_lucas_23.wav,0,lucas
1411,0_jackson_21.wav,0,jackson
1412,5_theo_0.wav,5,theo
1413,8_jackson_34.wav,8,jackson
1414,7_george_10.wav,7,george
1415,8_jackson_20.wav,8,jackson
1416,0_lucas_37.wav,0,lucas
1417,0_jackson_35.wav,0,jackson
1418,9_george_1.wav,9,george
1419,6_theo_43.wav,6,theo
1420,6_george_36.wav,6,george
1421,2_yweweler_16.wav,2,yweweler
1422,4_lucas_17.wav,4,lucas
1423,6_george_22.wav,6,george
1424,8_george_44.wav,8,george
1425,5_yweweler_12.wav,5,yweweler
1426,1_george_26.wav,1,george
1427,6_lucas_18.wav,6,lucas
1428,1_george_32.wav,1,george
1429,5_lucas_9.wav,5,lucas
1430,3_theo_46.wav,3,theo
1431,6_lucas_30.wav,6,lucas
1432,6_lucas_24.wav,6,lucas
1433,8_theo_3.wav,8,theo
1434,2_lucas_10.wav,2,lucas
1435,7_yweweler_26.wav,7,yweweler
1436,9_jackson_4.wav,9,jackson
1437,7_yweweler_32.wav,7,yweweler
1438,2_nicolas_10.wav,2,nicolas
1439,2_jackson_47.wav,2,jackson
1440,0_george_28.wav,0,george
1441,9_yweweler_41.wav,9,yweweler
1442,2_lucas_5.wav,2,lucas
1443,2_nicolas_38.wav,2,nicolas
1444,9_theo_36.wav,9,theo
1445,0_yweweler_22.wav,0,yweweler
1446,6_jackson_32.wav,6,jackson
1447,6_jackson_26.wav,6,jackson
1448,9_theo_22.wav,9,theo
1449,0_yweweler_36.wav,0,yweweler
1450,0_george_14.wav,0,george
1451,2_lucas_38.wav,2,lucas
1452,9_nicolas_3.wav,9,nicolas
1453,9_jackson_24.wav,9,jackson
1454,3_george_39.wav,3,george
1455,1_jackson_31.wav,1,jackson
1456,0_theo_35.wav,0,theo
1457,1_jackson_25.wav,1,jackson
1458,0_theo_21.wav,0,theo
1459,9_jackson_30.wav,9,jackson
1460,1_lucas_18.wav,1,lucas
1461,9_jackson_18.wav,9,jackson
1462,1_lucas_30.wav,1,lucas
1463,1_jackson_19.wav,1,jackson
1464,5_jackson_44.wav,5,jackson
1465,5_nicolas_13.wav,5,nicolas
1466,1_lucas_24.wav,1,lucas
1467,3_george_11.wav,3,george
1468,2_george_23.wav,2,george
1469,7_theo_39.wav,7,theo
1470,5_lucas_10.wav,5,lucas
1471,2_george_37.wav,2,george
1472,8_george_6.wav,8,george
1473,0_theo_5.wav,0,theo
1474,7_theo_11.wav,7,theo
1475,5_lucas_38.wav,5,lucas
1476,2_george_12.wav,2,george
1477,0_theo_8.wav,0,theo
1478,5_lucas_21.wav,5,lucas
1479,3_yweweler_42.wav,3,yweweler
1480,5_lucas_35.wav,5,lucas
1481,7_theo_34.wav,7,theo
1482,7_theo_20.wav,7,theo
1483,4_yweweler_46.wav,4,yweweler
1484,9_jackson_15.wav,9,jackson
1485,9_nicolas_42.wav,9,nicolas
1486,5_yweweler_0.wav,5,yweweler
1487,0_theo_10.wav,0,theo
1488,1_nicolas_43.wav,1,nicolas
1489,1_jackson_14.wav,1,jackson
1490,1_lucas_29.wav,1,lucas
1491,5_jackson_49.wav,5,jackson
1492,5_nicolas_36.wav,5,nicolas
1493,9_jackson_29.wav,9,jackson
1494,3_george_34.wav,3,george
1495,0_theo_38.wav,0,theo
1496,1_jackson_28.wav,1,jackson
1497,3_george_20.wav,3,george
1498,1_lucas_15.wav,1,lucas
1499,5_nicolas_22.wav,5,nicolas
1500,2_nicolas_35.wav,2,nicolas
1501,2_lucas_21.wav,2,lucas
1502,2_lucas_8.wav,2,lucas
1503,4_theo_47.wav,4,theo
1504,7_yweweler_17.wav,7,yweweler
1505,0_george_19.wav,0,george
1506,2_nicolas_21.wav,2,nicolas
1507,2_lucas_35.wav,2,lucas
1508,0_george_31.wav,0,george
1509,2_yweweler_3.wav,2,yweweler
1510,9_jackson_9.wav,9,jackson
1511,0_yweweler_13.wav,0,yweweler
1512,9_theo_13.wav,9,theo
1513,9_lucas_41.wav,9,lucas
1514,6_jackson_17.wav,6,jackson
1515,6_nicolas_40.wav,6,nicolas
1516,0_george_25.wav,0,george
1517,8_nicolas_0.wav,8,nicolas
1518,5_lucas_4.wav,5,lucas
1519,1_george_17.wav,1,george
1520,6_lucas_29.wav,6,lucas
1521,3_theo_6.wav,3,theo
1522,8_jackson_7.wav,8,jackson
1523,6_lucas_15.wav,6,lucas
1524,8_george_49.wav,8,george
1525,2_yweweler_27.wav,2,yweweler
1526,4_lucas_32.wav,4,lucas
1527,6_george_13.wav,6,george
1528,4_lucas_26.wav,4,lucas
1529,2_yweweler_33.wav,2,yweweler
1530,0_lucas_1.wav,0,lucas
1531,5_yweweler_23.wav,5,yweweler
1532,5_yweweler_37.wav,5,yweweler
1533,8_jackson_39.wav,8,jackson
1534,4_nicolas_26.wav,4,nicolas
1535,4_nicolas_32.wav,4,nicolas
1536,9_george_47.wav,9,george
1537,0_jackson_38.wav,0,jackson
1538,0_lucas_12.wav,0,lucas
1539,0_jackson_10.wav,0,jackson
1540,0_nicolas_47.wav,0,nicolas
1541,1_theo_42.wav,1,theo
1542,7_george_21.wav,7,george
1543,8_nicolas_46.wav,8,nicolas
1544,8_jackson_11.wav,8,jackson
1545,7_george_35.wav,7,george
1546,4_yweweler_4.wav,4,yweweler
1547,7_nicolas_44.wav,7,nicolas
1548,7_jackson_13.wav,7,jackson
1549,3_lucas_32.wav,3,lucas
1550,3_nicolas_19.wav,3,nicolas
1551,4_george_18.wav,4,george
1552,8_theo_41.wav,8,theo
1553,5_theo_29.wav,5,theo
1554,3_lucas_26.wav,3,lucas
1555,8_yweweler_29.wav,8,yweweler
1556,3_yweweler_7.wav,3,yweweler
1557,6_theo_3.wav,6,theo
1558,8_lucas_46.wav,8,lucas
1559,3_nicolas_25.wav,3,nicolas
1560,4_george_24.wav,4,george
1561,3_nicolas_31.wav,3,nicolas
1562,4_george_30.wav,4,george
1563,5_theo_15.wav,5,theo
1564,8_yweweler_15.wav,8,yweweler
1565,9_lucas_2.wav,9,lucas
1566,2_theo_31.wav,2,theo
1567,2_theo_25.wav,2,theo
1568,5_george_16.wav,5,george
1569,7_lucas_12.wav,7,lucas
1570,2_theo_19.wav,2,theo
1571,2_theo_18.wav,2,theo
1572,7_lucas_13.wav,7,lucas
1573,5_george_17.wav,5,george
1574,2_theo_24.wav,2,theo
1575,9_lucas_3.wav,9,lucas
1576,2_theo_30.wav,2,theo
1577,5_theo_14.wav,5,theo
1578,4_george_31.wav,4,george
1579,3_nicolas_30.wav,3,nicolas
1580,8_yweweler_14.wav,8,yweweler
1581,4_george_25.wav,4,george
1582,3_nicolas_24.wav,3,nicolas
1583,8_lucas_47.wav,8,lucas
1584,5_theo_28.wav,5,theo
1585,6_theo_2.wav,6,theo
1586,3_yweweler_6.wav,3,yweweler
1587,8_yweweler_28.wav,8,yweweler
1588,3_lucas_27.wav,3,lucas
1589,3_lucas_33.wav,3,lucas
1590,7_jackson_12.wav,7,jackson
1591,7_nicolas_45.wav,7,nicolas
1592,8_theo_40.wav,8,theo
1593,4_george_19.wav,4,george
1594,3_nicolas_18.wav,3,nicolas
1595,7_george_34.wav,7,george
1596,8_jackson_10.wav,8,jackson
1597,8_nicolas_47.wav,8,nicolas
1598,4_yweweler_5.wav,4,yweweler
1599,0_nicolas_46.wav,0,nicolas
1600,0_jackson_11.wav,0,jackson
1601,0_lucas_13.wav,0,lucas
1602,7_george_20.wav,7,george
1603,1_theo_43.wav,1,theo
1604,4_nicolas_33.wav,4,nicolas
1605,0_jackson_39.wav,0,jackson
1606,9_george_46.wav,9,george
1607,4_nicolas_27.wav,4,nicolas
1608,8_jackson_38.wav,8,jackson
1609,5_yweweler_36.wav,5,yweweler
1610,0_lucas_0.wav,0,lucas
1611,5_yweweler_22.wav,5,yweweler
1612,2_yweweler_32.wav,2,yweweler
1613,4_lucas_27.wav,4,lucas
1614,6_george_12.wav,6,george
1615,8_george_48.wav,8,george
1616,4_lucas_33.wav,4,lucas
1617,2_yweweler_26.wav,2,yweweler
1618,6_lucas_14.wav,6,lucas
1619,8_jackson_6.wav,8,jackson
1620,6_lucas_28.wav,6,lucas
1621,3_theo_7.wav,3,theo
1622,1_george_16.wav,1,george
1623,5_lucas_5.wav,5,lucas
1624,8_nicolas_1.wav,8,nicolas
1625,6_nicolas_41.wav,6,nicolas
1626,6_jackson_16.wav,6,jackson
1627,9_lucas_40.wav,9,lucas
1628,9_theo_12.wav,9,theo
1629,0_george_24.wav,0,george
1630,0_george_30.wav,0,george
1631,0_yweweler_12.wav,0,yweweler
1632,9_jackson_8.wav,9,jackson
1633,2_yweweler_2.wav,2,yweweler
1634,2_lucas_34.wav,2,lucas
1635,2_nicolas_20.wav,2,nicolas
1636,0_george_18.wav,0,george
1637,2_lucas_9.wav,2,lucas
1638,2_lucas_20.wav,2,lucas
1639,2_nicolas_34.wav,2,nicolas
1640,7_yweweler_16.wav,7,yweweler
1641,4_theo_46.wav,4,theo
1642,1_jackson_29.wav,1,jackson
1643,5_nicolas_23.wav,5,nicolas
1644,1_lucas_14.wav,1,lucas
1645,3_george_21.wav,3,george
1646,3_george_35.wav,3,george
1647,9_jackson_28.wav,9,jackson
1648,5_nicolas_37.wav,5,nicolas
1649,0_theo_39.wav,0,theo
1650,1_jackson_15.wav,1,jackson
1651,1_nicolas_42.wav,1,nicolas
1652,0_theo_11.wav,0,theo
1653,5_jackson_48.wav,5,jackson
1654,1_lucas_28.wav,1,lucas
1655,9_nicolas_43.wav,9,nicolas
1656,9_jackson_14.wav,9,jackson
1657,5_yweweler_1.wav,5,yweweler
1658,7_theo_21.wav,7,theo
1659,4_yweweler_47.wav,4,yweweler
1660,7_theo_35.wav,7,theo
1661,5_lucas_34.wav,5,lucas
1662,3_yweweler_43.wav,3,yweweler
1663,0_theo_9.wav,0,theo
1664,2_george_13.wav,2,george
1665,5_lucas_20.wav,5,lucas
1666,3_yweweler_41.wav,3,yweweler
1667,5_lucas_36.wav,5,lucas
1668,5_lucas_22.wav,5,lucas
1669,2_george_11.wav,2,george
1670,2_george_39.wav,2,george
1671,8_george_8.wav,8,george
1672,4_yweweler_45.wav,4,yweweler
1673,7_theo_23.wav,7,theo
1674,7_theo_37.wav,7,theo
1675,1_nicolas_40.wav,1,nicolas
1676,1_jackson_17.wav,1,jackson
1677,0_theo_13.wav,0,theo
1678,5_yweweler_3.wav,5,yweweler
1679,9_jackson_16.wav,9,jackson
1680,9_nicolas_41.wav,9,nicolas
1681,3_george_23.wav,3,george
1682,1_lucas_16.wav,1,lucas
1683,5_nicolas_21.wav,5,nicolas
1684,5_nicolas_35.wav,5,nicolas
1685,3_george_37.wav,3,george
1686,2_nicolas_22.wav,2,nicolas
1687,2_lucas_36.wav,2,lucas
1688,6_jackson_28.wav,6,jackson
1689,0_yweweler_38.wav,0,yweweler
1690,9_theo_38.wav,9,theo
1691,4_theo_44.wav,4,theo
1692,7_yweweler_14.wav,7,yweweler
1693,2_nicolas_36.wav,2,nicolas
1694,2_lucas_22.wav,2,lucas
1695,2_jackson_49.wav,2,jackson
1696,0_george_26.wav,0,george
1697,9_lucas_42.wav,9,lucas
1698,9_theo_10.wav,9,theo
1699,6_jackson_14.wav,6,jackson
1700,6_nicolas_43.wav,6,nicolas
1701,7_yweweler_28.wav,7,yweweler
1702,2_yweweler_0.wav,2,yweweler
1703,0_yweweler_10.wav,0,yweweler
1704,0_george_32.wav,0,george
1705,3_theo_5.wav,3,theo
1706,3_theo_48.wav,3,theo
1707,5_lucas_7.wav,5,lucas
1708,8_nicolas_3.wav,8,nicolas
1709,1_george_14.wav,1,george
1710,8_jackson_4.wav,8,jackson
1711,6_lucas_16.wav,6,lucas
1712,1_george_28.wav,1,george
1713,6_george_10.wav,6,george
1714,4_lucas_25.wav,4,lucas
1715,2_yweweler_30.wav,2,yweweler
1716,2_yweweler_24.wav,2,yweweler
1717,4_lucas_31.wav,4,lucas
1718,5_yweweler_34.wav,5,yweweler
1719,4_lucas_19.wav,4,lucas
1720,6_george_38.wav,6,george
1721,5_yweweler_20.wav,5,yweweler
1722,2_yweweler_18.wav,2,yweweler
1723,0_lucas_2.wav,0,lucas
1724,9_george_44.wav,9,george
1725,0_lucas_39.wav,0,lucas
1726,4_nicolas_31.wav,4,nicolas
1727,4_nicolas_25.wav,4,nicolas
1728,4_yweweler_7.wav,4,yweweler
1729,8_nicolas_45.wav,8,nicolas
1730,8_jackson_12.wav,8,jackson
1731,7_george_36.wav,7,george
1732,1_theo_41.wav,1,theo
1733,4_nicolas_19.wav,4,nicolas
1734,7_george_22.wav,7,george
1735,0_lucas_11.wav,0,lucas
1736,0_jackson_13.wav,0,jackson
1737,0_nicolas_44.wav,0,nicolas
1738,3_lucas_25.wav,3,lucas
1739,3_yweweler_4.wav,3,yweweler
1740,6_theo_0.wav,6,theo
1741,1_yweweler_49.wav,1,yweweler
1742,8_theo_42.wav,8,theo
1743,7_nicolas_47.wav,7,nicolas
1744,7_jackson_10.wav,7,jackson
1745,3_lucas_31.wav,3,lucas
1746,7_jackson_38.wav,7,jackson
1747,3_lucas_19.wav,3,lucas
1748,8_yweweler_16.wav,8,yweweler
1749,3_nicolas_32.wav,3,nicolas
1750,4_george_33.wav,4,george
1751,5_theo_16.wav,5,theo
1752,8_lucas_45.wav,8,lucas
1753,3_nicolas_26.wav,3,nicolas
1754,4_george_27.wav,4,george
1755,2_theo_26.wav,2,theo
1756,7_lucas_39.wav,7,lucas
1757,5_george_15.wav,5,george
1758,2_theo_32.wav,2,theo
1759,9_lucas_1.wav,9,lucas
1760,5_george_29.wav,5,george
1761,7_lucas_11.wav,7,lucas
1762,7_lucas_10.wav,7,lucas
1763,5_george_28.wav,5,george
1764,2_theo_33.wav,2,theo
1765,9_lucas_0.wav,9,lucas
1766,5_george_14.wav,5,george
1767,7_lucas_38.wav,7,lucas
1768,2_theo_27.wav,2,theo
1769,4_george_26.wav,4,george
1770,3_nicolas_27.wav,3,nicolas
1771,8_lucas_44.wav,8,lucas
1772,8_yweweler_17.wav,8,yweweler
1773,3_lucas_18.wav,3,lucas
1774,7_jackson_39.wav,7,jackson
1775,5_theo_17.wav,5,theo
1776,4_george_32.wav,4,george
1777,3_nicolas_33.wav,3,nicolas
1778,8_theo_43.wav,8,theo
1779,3_lucas_30.wav,3,lucas
1780,7_jackson_11.wav,7,jackson
1781,7_nicolas_46.wav,7,nicolas
1782,6_theo_1.wav,6,theo
1783,3_yweweler_5.wav,3,yweweler
1784,3_lucas_24.wav,3,lucas
1785,1_yweweler_48.wav,1,yweweler
1786,7_george_23.wav,7,george
1787,4_nicolas_18.wav,4,nicolas
1788,1_theo_40.wav,1,theo
1789,0_nicolas_45.wav,0,nicolas
1790,0_jackson_12.wav,0,jackson
1791,0_lucas_10.wav,0,lucas
1792,4_yweweler_6.wav,4,yweweler
1793,7_george_37.wav,7,george
1794,8_jackson_13.wav,8,jackson
1795,8_nicolas_44.wav,8,nicolas
1796,4_nicolas_24.wav,4,nicolas
1797,0_lucas_38.wav,0,lucas
1798,9_george_45.wav,9,george
1799,4_nicolas_30.wav,4,nicolas
1800,2_yweweler_19.wav,2,yweweler
1801,5_yweweler_21.wav,5,yweweler
1802,6_george_39.wav,6,george
1803,0_lucas_3.wav,0,lucas
1804,4_lucas_18.wav,4,lucas
1805,5_yweweler_35.wav,5,yweweler
1806,4_lucas_30.wav,4,lucas
1807,2_yweweler_25.wav,2,yweweler
1808,2_yweweler_31.wav,2,yweweler
1809,4_lucas_24.wav,4,lucas
1810,6_george_11.wav,6,george
1811,1_george_29.wav,1,george
1812,6_lucas_17.wav,6,lucas
1813,8_jackson_5.wav,8,jackson
1814,3_theo_49.wav,3,theo
1815,1_george_15.wav,1,george
1816,8_nicolas_2.wav,8,nicolas
1817,5_lucas_6.wav,5,lucas
1818,3_theo_4.wav,3,theo
1819,0_yweweler_11.wav,0,yweweler
1820,2_yweweler_1.wav,2,yweweler
1821,7_yweweler_29.wav,7,yweweler
1822,0_george_33.wav,0,george
1823,0_george_27.wav,0,george
1824,2_jackson_48.wav,2,jackson
1825,6_nicolas_42.wav,6,nicolas
1826,6_jackson_15.wav,6,jackson
1827,9_theo_11.wav,9,theo
1828,9_lucas_43.wav,9,lucas
1829,7_yweweler_15.wav,7,yweweler
1830,4_theo_45.wav,4,theo
1831,9_theo_39.wav,9,theo
1832,2_lucas_23.wav,2,lucas
1833,2_nicolas_37.wav,2,nicolas
1834,2_lucas_37.wav,2,lucas
1835,2_nicolas_23.wav,2,nicolas
1836,0_yweweler_39.wav,0,yweweler
1837,6_jackson_29.wav,6,jackson
1838,3_george_36.wav,3,george
1839,5_nicolas_34.wav,5,nicolas
1840,5_nicolas_20.wav,5,nicolas
1841,1_lucas_17.wav,1,lucas
1842,3_george_22.wav,3,george
1843,5_yweweler_2.wav,5,yweweler
1844,9_nicolas_40.wav,9,nicolas
1845,9_jackson_17.wav,9,jackson
1846,0_theo_12.wav,0,theo
1847,1_jackson_16.wav,1,jackson
1848,1_nicolas_41.wav,1,nicolas
1849,7_theo_36.wav,7,theo
1850,8_george_9.wav,8,george
1851,2_george_38.wav,2,george
1852,4_yweweler_44.wav,4,yweweler
1853,7_theo_22.wav,7,theo
1854,5_lucas_23.wav,5,lucas
1855,2_george_10.wav,2,george
1856,5_lucas_37.wav,5,lucas
1857,3_yweweler_40.wav,3,yweweler
1858,7_theo_26.wav,7,theo
1859,4_yweweler_40.wav,4,yweweler
1860,2_george_28.wav,2,george
1861,7_theo_32.wav,7,theo
1862,3_yweweler_44.wav,3,yweweler
1863,5_lucas_33.wav,5,lucas
1864,2_george_14.wav,2,george
1865,5_lucas_27.wav,5,lucas
1866,3_george_26.wav,3,george
1867,1_lucas_13.wav,1,lucas
1868,5_nicolas_24.wav,5,nicolas
1869,5_nicolas_30.wav,5,nicolas
1870,3_george_32.wav,3,george
1871,1_nicolas_45.wav,1,nicolas
1872,1_jackson_12.wav,1,jackson
1873,0_theo_16.wav,0,theo
1874,5_nicolas_18.wav,5,nicolas
1875,9_jackson_13.wav,9,jackson
1876,9_nicolas_44.wav,9,nicolas
1877,5_yweweler_6.wav,5,yweweler
1878,9_lucas_47.wav,9,lucas
1879,9_theo_15.wav,9,theo
1880,6_jackson_11.wav,6,jackson
1881,6_nicolas_46.wav,6,nicolas
1882,7_yweweler_39.wav,7,yweweler
1883,0_george_23.wav,0,george
1884,0_george_37.wav,0,george
1885,2_yweweler_5.wav,2,yweweler
1886,0_yweweler_15.wav,0,yweweler
1887,9_theo_29.wav,9,theo
1888,9_nicolas_8.wav,9,nicolas
1889,2_nicolas_27.wav,2,nicolas
1890,2_lucas_33.wav,2,lucas
1891,2_nicolas_33.wav,2,nicolas
1892,2_lucas_27.wav,2,lucas
1893,0_yweweler_29.wav,0,yweweler
1894,4_theo_41.wav,4,theo
1895,7_yweweler_11.wav,7,yweweler
1896,6_jackson_39.wav,6,jackson
1897,8_jackson_1.wav,8,jackson
1898,6_lucas_13.wav,6,lucas
1899,1_george_39.wav,1,george
1900,8_theo_8.wav,8,theo
1901,3_theo_0.wav,3,theo
1902,5_lucas_2.wav,5,lucas
1903,8_nicolas_6.wav,8,nicolas
1904,1_george_11.wav,1,george
1905,6_george_29.wav,6,george
1906,5_yweweler_31.wav,5,yweweler
1907,0_lucas_7.wav,0,lucas
1908,6_theo_48.wav,6,theo
1909,5_yweweler_25.wav,5,yweweler
1910,6_george_15.wav,6,george
1911,4_lucas_20.wav,4,lucas
1912,2_yweweler_35.wav,2,yweweler
1913,2_yweweler_21.wav,2,yweweler
1914,4_lucas_34.wav,4,lucas
1915,5_yweweler_19.wav,5,yweweler
1916,8_nicolas_40.wav,8,nicolas
1917,8_jackson_17.wav,8,jackson
1918,7_george_33.wav,7,george
1919,4_yweweler_2.wav,4,yweweler
1920,0_jackson_16.wav,0,jackson
1921,0_nicolas_41.wav,0,nicolas
1922,0_lucas_14.wav,0,lucas
1923,1_theo_44.wav,1,theo
1924,7_george_27.wav,7,george
1925,4_nicolas_34.wav,4,nicolas
1926,9_george_41.wav,9,george
1927,0_lucas_28.wav,0,lucas
1928,4_nicolas_20.wav,4,nicolas
1929,3_nicolas_37.wav,3,nicolas
1930,6_yweweler_48.wav,6,yweweler
1931,4_george_36.wav,4,george
1932,5_theo_13.wav,5,theo
1933,8_yweweler_13.wav,8,yweweler
1934,7_jackson_29.wav,7,jackson
1935,8_lucas_40.wav,8,lucas
1936,3_nicolas_23.wav,3,nicolas
1937,4_george_22.wav,4,george
1938,3_lucas_20.wav,3,lucas
1939,3_yweweler_1.wav,3,yweweler
1940,6_theo_5.wav,6,theo
1941,3_lucas_34.wav,3,lucas
1942,7_nicolas_42.wav,7,nicolas
1943,7_jackson_15.wav,7,jackson
1944,3_jackson_48.wav,3,jackson
1945,8_theo_47.wav,8,theo
1946,5_george_38.wav,5,george
1947,7_lucas_14.wav,7,lucas
1948,2_theo_23.wav,2,theo
1949,5_george_10.wav,5,george
1950,9_lucas_4.wav,9,lucas
1951,7_lucas_28.wav,7,lucas
1952,2_theo_37.wav,2,theo
1953,9_lucas_5.wav,9,lucas
1954,2_theo_36.wav,2,theo
1955,7_lucas_29.wav,7,lucas
1956,5_george_11.wav,5,george
1957,2_theo_22.wav,2,theo
1958,7_lucas_15.wav,7,lucas
1959,5_george_39.wav,5,george
1960,7_jackson_14.wav,7,jackson
1961,7_nicolas_43.wav,7,nicolas
1962,3_lucas_35.wav,3,lucas
1963,8_theo_46.wav,8,theo
1964,3_jackson_49.wav,3,jackson
1965,6_theo_4.wav,6,theo
1966,3_yweweler_0.wav,3,yweweler
1967,3_lucas_21.wav,3,lucas
1968,7_jackson_28.wav,7,jackson
1969,4_george_23.wav,4,george
1970,3_nicolas_22.wav,3,nicolas
1971,8_lucas_41.wav,8,lucas
1972,5_theo_12.wav,5,theo
1973,4_george_37.wav,4,george
1974,6_yweweler_49.wav,6,yweweler
1975,3_nicolas_36.wav,3,nicolas
1976,8_yweweler_12.wav,8,yweweler
1977,0_lucas_29.wav,0,lucas
1978,4_nicolas_21.wav,4,nicolas
1979,4_nicolas_35.wav,4,nicolas
1980,9_george_40.wav,9,george
1981,0_lucas_15.wav,0,lucas
1982,0_nicolas_40.wav,0,nicolas
1983,0_jackson_17.wav,0,jackson
1984,7_george_26.wav,7,george
1985,1_theo_45.wav,1,theo
1986,7_george_32.wav,7,george
1987,8_jackson_16.wav,8,jackson
1988,8_nicolas_41.wav,8,nicolas
1989,4_yweweler_3.wav,4,yweweler
1990,5_yweweler_18.wav,5,yweweler
1991,4_lucas_35.wav,4,lucas
1992,2_yweweler_20.wav,2,yweweler
1993,2_yweweler_34.wav,2,yweweler
1994,4_lucas_21.wav,4,lucas
1995,6_george_14.wav,6,george
1996,0_lucas_6.wav,0,lucas
1997,5_yweweler_24.wav,5,yweweler
1998,6_theo_49.wav,6,theo
1999,5_yweweler_30.wav,5,yweweler
2000,6_george_28.wav,6,george
2001,1_george_10.wav,1,george
2002,8_nicolas_7.wav,8,nicolas
2003,5_lucas_3.wav,5,lucas
2004,3_theo_1.wav,3,theo
2005,8_theo_9.wav,8,theo
2006,6_lucas_12.wav,6,lucas
2007,8_jackson_0.wav,8,jackson
2008,1_george_38.wav,1,george
2009,2_lucas_26.wav,2,lucas
2010,2_nicolas_32.wav,2,nicolas
2011,6_jackson_38.wav,6,jackson
2012,7_yweweler_10.wav,7,yweweler
2013,4_theo_40.wav,4,theo
2014,0_yweweler_28.wav,0,yweweler
2015,9_theo_28.wav,9,theo
2016,2_lucas_32.wav,2,lucas
2017,9_nicolas_9.wav,9,nicolas
2018,2_nicolas_26.wav,2,nicolas
2019,0_george_36.wav,0,george
2020,0_yweweler_14.wav,0,yweweler
2021,2_yweweler_4.wav,2,yweweler
2022,7_yweweler_38.wav,7,yweweler
2023,6_nicolas_47.wav,6,nicolas
2024,6_jackson_10.wav,6,jackson
2025,9_theo_14.wav,9,theo
2026,9_lucas_46.wav,9,lucas
2027,0_george_22.wav,0,george
2028,9_nicolas_45.wav,9,nicolas
2029,9_jackson_12.wav,9,jackson
2030,5_yweweler_7.wav,5,yweweler
2031,0_theo_17.wav,0,theo
2032,1_jackson_13.wav,1,jackson
2033,1_nicolas_44.wav,1,nicolas
2034,5_nicolas_19.wav,5,nicolas
2035,3_george_33.wav,3,george
2036,5_nicolas_31.wav,5,nicolas
2037,5_nicolas_25.wav,5,nicolas
2038,1_lucas_12.wav,1,lucas
2039,3_george_27.wav,3,george
2040,2_george_15.wav,2,george
2041,5_lucas_26.wav,5,lucas
2042,5_lucas_32.wav,5,lucas
2043,3_yweweler_45.wav,3,yweweler
2044,2_george_29.wav,2,george
2045,7_theo_33.wav,7,theo
2046,7_theo_27.wav,7,theo
2047,4_yweweler_41.wav,4,yweweler
2048,5_lucas_18.wav,5,lucas
2049,7_theo_31.wav,7,theo
2050,4_yweweler_43.wav,4,yweweler
2051,7_theo_25.wav,7,theo
2052,5_lucas_24.wav,5,lucas
2053,2_george_17.wav,2,george
2054,3_yweweler_47.wav,3,yweweler
2055,5_lucas_30.wav,5,lucas
2056,7_theo_19.wav,7,theo
2057,1_jackson_39.wav,1,jackson
2058,5_nicolas_33.wav,5,nicolas
2059,3_george_31.wav,3,george
2060,3_george_25.wav,3,george
2061,9_jackson_38.wav,9,jackson
2062,1_lucas_10.wav,1,lucas
2063,5_nicolas_27.wav,5,nicolas
2064,0_theo_29.wav,0,theo
2065,5_yweweler_5.wav,5,yweweler
2066,9_jackson_10.wav,9,jackson
2067,9_nicolas_47.wav,9,nicolas
2068,1_lucas_38.wav,1,lucas
2069,3_george_19.wav,3,george
2070,0_theo_15.wav,0,theo
2071,1_nicolas_46.wav,1,nicolas
2072,1_jackson_11.wav,1,jackson
2073,2_yweweler_6.wav,2,yweweler
2074,0_yweweler_16.wav,0,yweweler
2075,0_george_34.wav,0,george
2076,2_lucas_18.wav,2,lucas
2077,2_nicolas_18.wav,2,nicolas
2078,0_george_20.wav,0,george
2079,9_theo_16.wav,9,theo
2080,9_lucas_44.wav,9,lucas
2081,6_jackson_12.wav,6,jackson
2082,6_nicolas_45.wav,6,nicolas
2083,4_theo_42.wav,4,theo
2084,7_yweweler_12.wav,7,yweweler
2085,2_nicolas_30.wav,2,nicolas
2086,9_yweweler_49.wav,9,yweweler
2087,2_lucas_24.wav,2,lucas
2088,2_nicolas_24.wav,2,nicolas
2089,2_lucas_30.wav,2,lucas
2090,8_jackson_2.wav,8,jackson
2091,6_lucas_10.wav,6,lucas
2092,6_lucas_38.wav,6,lucas
2093,8_nicolas_5.wav,8,nicolas
2094,5_lucas_1.wav,5,lucas
2095,1_george_12.wav,1,george
2096,3_theo_3.wav,3,theo
2097,5_yweweler_26.wav,5,yweweler
2098,0_lucas_4.wav,0,lucas
2099,9_george_9.wav,9,george
2100,5_yweweler_32.wav,5,yweweler
2101,2_yweweler_22.wav,2,yweweler
2102,4_lucas_37.wav,4,lucas
2103,6_george_16.wav,6,george
2104,4_lucas_23.wav,4,lucas
2105,2_yweweler_36.wav,2,yweweler
2106,1_theo_47.wav,1,theo
2107,7_george_24.wav,7,george
2108,4_jackson_48.wav,4,jackson
2109,7_lucas_8.wav,7,lucas
2110,0_jackson_15.wav,0,jackson
2111,0_nicolas_42.wav,0,nicolas
2112,0_lucas_17.wav,0,lucas
2113,4_yweweler_1.wav,4,yweweler
2114,8_nicolas_43.wav,8,nicolas
2115,8_jackson_14.wav,8,jackson
2116,7_george_30.wav,7,george
2117,7_george_18.wav,7,george
2118,4_nicolas_23.wav,4,nicolas
2119,0_jackson_29.wav,0,jackson
2120,5_theo_8.wav,5,theo
2121,9_george_42.wav,9,george
2122,4_nicolas_37.wav,4,nicolas
2123,8_jackson_28.wav,8,jackson
2124,8_lucas_43.wav,8,lucas
2125,3_nicolas_20.wav,3,nicolas
2126,4_george_21.wav,4,george
2127,8_yweweler_10.wav,8,yweweler
2128,3_nicolas_34.wav,3,nicolas
2129,4_george_35.wav,4,george
2130,5_theo_10.wav,5,theo
2131,5_theo_38.wav,5,theo
2132,8_theo_44.wav,8,theo
2133,3_lucas_37.wav,3,lucas
2134,7_nicolas_41.wav,7,nicolas
2135,7_jackson_16.wav,7,jackson
2136,8_yweweler_38.wav,8,yweweler
2137,3_lucas_23.wav,3,lucas
2138,3_yweweler_2.wav,3,yweweler
2139,6_theo_6.wav,6,theo
2140,7_lucas_17.wav,7,lucas
2141,2_theo_34.wav,2,theo
2142,9_lucas_7.wav,9,lucas
2143,2_theo_20.wav,2,theo
2144,5_george_13.wav,5,george
2145,5_george_12.wav,5,george
2146,2_theo_21.wav,2,theo
2147,2_theo_35.wav,2,theo
2148,9_lucas_6.wav,9,lucas
2149,7_lucas_16.wav,7,lucas
2150,6_theo_7.wav,6,theo
2151,3_yweweler_3.wav,3,yweweler
2152,3_lucas_22.wav,3,lucas
2153,8_theo_45.wav,8,theo
2154,5_theo_39.wav,5,theo
2155,8_yweweler_39.wav,8,yweweler
2156,7_jackson_17.wav,7,jackson
2157,7_nicolas_40.wav,7,nicolas
2158,3_lucas_36.wav,3,lucas
2159,8_yweweler_11.wav,8,yweweler
2160,5_theo_11.wav,5,theo
2161,4_george_34.wav,4,george
2162,3_nicolas_35.wav,3,nicolas
2163,4_george_20.wav,4,george
2164,3_nicolas_21.wav,3,nicolas
2165,8_lucas_42.wav,8,lucas
2166,9_george_43.wav,9,george
2167,8_jackson_29.wav,8,jackson
2168,4_nicolas_36.wav,4,nicolas
2169,4_nicolas_22.wav,4,nicolas
2170,7_george_19.wav,7,george
2171,0_jackson_28.wav,0,jackson
2172,5_theo_9.wav,5,theo
2173,4_yweweler_0.wav,4,yweweler
2174,7_george_31.wav,7,george
2175,8_jackson_15.wav,8,jackson
2176,8_nicolas_42.wav,8,nicolas
2177,4_jackson_49.wav,4,jackson
2178,7_george_25.wav,7,george
2179,1_theo_46.wav,1,theo
2180,0_lucas_16.wav,0,lucas
2181,0_nicolas_43.wav,0,nicolas
2182,0_jackson_14.wav,0,jackson
2183,7_lucas_9.wav,7,lucas
2184,2_yweweler_37.wav,2,yweweler
2185,4_lucas_22.wav,4,lucas
2186,6_george_17.wav,6,george
2187,4_lucas_36.wav,4,lucas
2188,2_yweweler_23.wav,2,yweweler
2189,5_yweweler_33.wav,5,yweweler
2190,5_yweweler_27.wav,5,yweweler
2191,9_george_8.wav,9,george
2192,0_lucas_5.wav,0,lucas
2193,3_theo_2.wav,3,theo
2194,6_lucas_39.wav,6,lucas
2195,1_george_13.wav,1,george
2196,5_lucas_0.wav,5,lucas
2197,8_nicolas_4.wav,8,nicolas
2198,6_lucas_11.wav,6,lucas
2199,8_jackson_3.wav,8,jackson
2200,2_lucas_31.wav,2,lucas
2201,2_nicolas_25.wav,2,nicolas
2202,7_yweweler_13.wav,7,yweweler
2203,4_theo_43.wav,4,theo
2204,2_lucas_25.wav,2,lucas
2205,9_yweweler_48.wav,9,yweweler
2206,2_nicolas_31.wav,2,nicolas
2207,0_george_21.wav,0,george
2208,2_nicolas_19.wav,2,nicolas
2209,6_nicolas_44.wav,6,nicolas
2210,6_jackson_13.wav,6,jackson
2211,9_lucas_45.wav,9,lucas
2212,9_theo_17.wav,9,theo
2213,0_yweweler_17.wav,0,yweweler
2214,2_yweweler_7.wav,2,yweweler
2215,2_lucas_19.wav,2,lucas
2216,0_george_35.wav,0,george
2217,3_george_18.wav,3,george
2218,1_jackson_10.wav,1,jackson
2219,1_nicolas_47.wav,1,nicolas
2220,0_theo_14.wav,0,theo
2221,5_yweweler_4.wav,5,yweweler
2222,1_lucas_39.wav,1,lucas
2223,9_nicolas_46.wav,9,nicolas
2224,9_jackson_11.wav,9,jackson
2225,5_nicolas_26.wav,5,nicolas
2226,1_lucas_11.wav,1,lucas
2227,9_jackson_39.wav,9,jackson
2228,3_george_24.wav,3,george
2229,0_theo_28.wav,0,theo
2230,1_jackson_38.wav,1,jackson
2231,3_george_30.wav,3,george
2232,5_nicolas_32.wav,5,nicolas
2233,7_theo_18.wav,7,theo
2234,5_lucas_31.wav,5,lucas
2235,3_yweweler_46.wav,3,yweweler
2236,5_lucas_25.wav,5,lucas
2237,2_george_16.wav,2,george
2238,4_yweweler_42.wav,4,yweweler
2239,7_theo_24.wav,7,theo
2240,7_theo_30.wav,7,theo
2241,5_lucas_19.wav,5,lucas
2242,3_george_8.wav,3,george
2243,3_yweweler_35.wav,3,yweweler
2244,5_lucas_42.wav,5,lucas
2245,5_jackson_7.wav,5,jackson
2246,4_yweweler_19.wav,4,yweweler
2247,3_yweweler_21.wav,3,yweweler
2248,4_yweweler_31.wav,4,yweweler
2249,5_nicolas_0.wav,5,nicolas
2250,4_yweweler_25.wav,4,yweweler
2251,7_theo_43.wav,7,theo
2252,1_nicolas_34.wav,1,nicolas
2253,9_nicolas_21.wav,9,nicolas
2254,7_george_0.wav,7,george
2255,9_nicolas_35.wav,9,nicolas
2256,4_theo_2.wav,4,theo
2257,4_jackson_9.wav,4,jackson
2258,1_nicolas_20.wav,1,nicolas
2259,1_yweweler_2.wav,1,yweweler
2260,5_nicolas_41.wav,5,nicolas
2261,5_jackson_16.wav,5,jackson
2262,6_lucas_0.wav,6,lucas
2263,3_george_43.wav,3,george
2264,9_yweweler_3.wav,9,yweweler
2265,4_theo_24.wav,4,theo
2266,6_yweweler_1.wav,6,yweweler
2267,4_george_8.wav,4,george
2268,2_lucas_42.wav,2,lucas
2269,2_jackson_15.wav,2,jackson
2270,2_nicolas_42.wav,2,nicolas
2271,4_theo_30.wav,4,theo
2272,6_jackson_48.wav,6,jackson
2273,9_lucas_36.wav,9,lucas
2274,4_theo_18.wav,4,theo
2275,6_nicolas_37.wav,6,nicolas
2276,7_yweweler_48.wav,7,yweweler
2277,9_yweweler_13.wav,9,yweweler
2278,0_george_46.wav,0,george
2279,2_jackson_29.wav,2,jackson
2280,6_nicolas_23.wav,6,nicolas
2281,9_lucas_22.wav,9,lucas
2282,3_theo_28.wav,3,theo
2283,6_jackson_2.wav,6,jackson
2284,0_george_0.wav,0,george
2285,3_theo_14.wav,3,theo
2286,1_george_48.wav,1,george
2287,6_nicolas_5.wav,6,nicolas
2288,6_theo_11.wav,6,theo
2289,2_yweweler_44.wav,2,yweweler
2290,1_theo_7.wav,1,theo
2291,1_jackson_6.wav,1,jackson
2292,4_lucas_45.wav,4,lucas
2293,5_yweweler_40.wav,5,yweweler
2294,1_nicolas_1.wav,1,nicolas
2295,8_george_16.wav,8,george
2296,6_theo_39.wav,6,theo
2297,4_jackson_12.wav,4,jackson
2298,4_nicolas_45.wav,4,nicolas
2299,0_jackson_8.wav,0,jackson
2300,9_george_30.wav,9,george
2301,6_george_7.wav,6,george
2302,8_yweweler_7.wav,8,yweweler
2303,0_nicolas_18.wav,0,nicolas
2304,9_george_24.wav,9,george
2305,0_yweweler_6.wav,0,yweweler
2306,8_nicolas_19.wav,8,nicolas
2307,8_nicolas_31.wav,8,nicolas
2308,1_theo_21.wav,1,theo
2309,7_george_42.wav,7,george
2310,0_nicolas_24.wav,0,nicolas
2311,9_george_18.wav,9,george
2312,0_nicolas_30.wav,0,nicolas
2313,1_theo_35.wav,1,theo
2314,8_nicolas_25.wav,8,nicolas
2315,8_theo_22.wav,8,theo
2316,8_lucas_19.wav,8,lucas
2317,7_nicolas_27.wav,7,nicolas
2318,7_nicolas_33.wav,7,nicolas
2319,3_lucas_45.wav,3,lucas
2320,3_lucas_5.wav,3,lucas
2321,6_yweweler_11.wav,6,yweweler
2322,3_jackson_39.wav,3,jackson
2323,8_theo_36.wav,8,theo
2324,1_yweweler_29.wav,1,yweweler
2325,6_yweweler_39.wav,6,yweweler
2326,3_nicolas_46.wav,3,nicolas
2327,3_jackson_11.wav,3,jackson
2328,4_george_47.wav,4,george
2329,8_lucas_25.wav,8,lucas
2330,7_yweweler_5.wav,7,yweweler
2331,8_lucas_31.wav,8,lucas
2332,1_yweweler_15.wav,1,yweweler
2333,1_george_7.wav,1,george
2334,9_theo_1.wav,9,theo
2335,2_theo_9.wav,2,theo
2336,4_lucas_9.wav,4,lucas
2337,2_theo_46.wav,2,theo
2338,2_jackson_3.wav,2,jackson
2339,2_nicolas_4.wav,2,nicolas
2340,5_george_49.wav,5,george
2341,5_george_48.wav,5,george
2342,2_nicolas_5.wav,2,nicolas
2343,4_lucas_8.wav,4,lucas
2344,2_jackson_2.wav,2,jackson
2345,2_theo_47.wav,2,theo
2346,1_george_6.wav,1,george
2347,2_theo_8.wav,2,theo
2348,9_theo_0.wav,9,theo
2349,1_yweweler_14.wav,1,yweweler
2350,8_lucas_30.wav,8,lucas
2351,7_yweweler_4.wav,7,yweweler
2352,8_lucas_24.wav,8,lucas
2353,4_george_46.wav,4,george
2354,3_jackson_10.wav,3,jackson
2355,3_nicolas_47.wav,3,nicolas
2356,6_yweweler_38.wav,6,yweweler
2357,3_lucas_4.wav,3,lucas
2358,3_lucas_44.wav,3,lucas
2359,7_nicolas_32.wav,7,nicolas
2360,1_yweweler_28.wav,1,yweweler
2361,8_theo_37.wav,8,theo
2362,3_jackson_38.wav,3,jackson
2363,6_yweweler_10.wav,6,yweweler
2364,8_lucas_18.wav,8,lucas
2365,8_theo_23.wav,8,theo
2366,7_nicolas_26.wav,7,nicolas
2367,0_nicolas_31.wav,0,nicolas
2368,9_george_19.wav,9,george
2369,8_nicolas_24.wav,8,nicolas
2370,1_theo_34.wav,1,theo
2371,7_george_43.wav,7,george
2372,1_theo_20.wav,1,theo
2373,8_nicolas_30.wav,8,nicolas
2374,0_nicolas_25.wav,0,nicolas
2375,9_george_25.wav,9,george
2376,8_nicolas_18.wav,8,nicolas
2377,0_yweweler_7.wav,0,yweweler
2378,0_jackson_9.wav,0,jackson
2379,4_nicolas_44.wav,4,nicolas
2380,4_jackson_13.wav,4,jackson
2381,0_nicolas_19.wav,0,nicolas
2382,8_yweweler_6.wav,8,yweweler
2383,6_george_6.wav,6,george
2384,9_george_31.wav,9,george
2385,6_theo_38.wav,6,theo
2386,5_yweweler_41.wav,5,yweweler
2387,8_george_17.wav,8,george
2388,1_nicolas_0.wav,1,nicolas
2389,1_theo_6.wav,1,theo
2390,4_lucas_44.wav,4,lucas
2391,1_jackson_7.wav,1,jackson
2392,2_yweweler_45.wav,2,yweweler
2393,6_theo_10.wav,6,theo
2394,6_nicolas_4.wav,6,nicolas
2395,3_theo_15.wav,3,theo
2396,1_george_49.wav,1,george
2397,0_george_1.wav,0,george
2398,3_theo_29.wav,3,theo
2399,6_jackson_3.wav,6,jackson
2400,2_jackson_28.wav,2,jackson
2401,0_george_47.wav,0,george
2402,9_lucas_23.wav,9,lucas
2403,6_nicolas_22.wav,6,nicolas
2404,7_yweweler_49.wav,7,yweweler
2405,6_nicolas_36.wav,6,nicolas
2406,4_theo_19.wav,4,theo
2407,9_lucas_37.wav,9,lucas
2408,9_yweweler_12.wav,9,yweweler
2409,2_nicolas_43.wav,2,nicolas
2410,2_jackson_14.wav,2,jackson
2411,6_jackson_49.wav,6,jackson
2412,4_theo_31.wav,4,theo
2413,4_theo_25.wav,4,theo
2414,2_lucas_43.wav,2,lucas
2415,4_george_9.wav,4,george
2416,6_yweweler_0.wav,6,yweweler
2417,6_lucas_1.wav,6,lucas
2418,3_george_42.wav,3,george
2419,5_jackson_17.wav,5,jackson
2420,5_nicolas_40.wav,5,nicolas
2421,9_yweweler_2.wav,9,yweweler
2422,1_yweweler_3.wav,1,yweweler
2423,4_jackson_8.wav,4,jackson
2424,4_theo_3.wav,4,theo
2425,9_nicolas_34.wav,9,nicolas
2426,7_george_1.wav,7,george
2427,1_nicolas_21.wav,1,nicolas
2428,1_nicolas_35.wav,1,nicolas
2429,9_nicolas_20.wav,9,nicolas
2430,4_yweweler_24.wav,4,yweweler
2431,7_theo_42.wav,7,theo
2432,5_nicolas_1.wav,5,nicolas
2433,4_yweweler_30.wav,4,yweweler
2434,3_yweweler_20.wav,3,yweweler
2435,4_yweweler_18.wav,4,yweweler
2436,5_lucas_43.wav,5,lucas
2437,3_yweweler_34.wav,3,yweweler
2438,3_george_9.wav,3,george
2439,5_jackson_6.wav,5,jackson
2440,3_yweweler_22.wav,3,yweweler
2441,5_jackson_4.wav,5,jackson
2442,3_yweweler_36.wav,3,yweweler
2443,5_lucas_41.wav,5,lucas
2444,5_nicolas_3.wav,5,nicolas
2445,7_theo_40.wav,7,theo
2446,4_yweweler_26.wav,4,yweweler
2447,4_yweweler_32.wav,4,yweweler
2448,1_nicolas_23.wav,1,nicolas
2449,7_george_3.wav,7,george
2450,9_nicolas_36.wav,9,nicolas
2451,4_theo_1.wav,4,theo
2452,1_lucas_49.wav,1,lucas
2453,5_jackson_29.wav,5,jackson
2454,9_nicolas_22.wav,9,nicolas
2455,1_nicolas_37.wav,1,nicolas
2456,1_jackson_48.wav,1,jackson
2457,9_yweweler_0.wav,9,yweweler
2458,5_nicolas_42.wav,5,nicolas
2459,5_jackson_15.wav,5,jackson
2460,3_george_40.wav,3,george
2461,6_lucas_3.wav,6,lucas
2462,9_jackson_49.wav,9,jackson
2463,1_yweweler_1.wav,1,yweweler
2464,4_theo_33.wav,4,theo
2465,2_jackson_16.wav,2,jackson
2466,2_nicolas_41.wav,2,nicolas
2467,9_yweweler_38.wav,9,yweweler
2468,6_yweweler_2.wav,6,yweweler
2469,2_lucas_41.wav,2,lucas
2470,4_theo_27.wav,4,theo
2471,6_nicolas_20.wav,6,nicolas
2472,9_lucas_21.wav,9,lucas
2473,0_george_45.wav,0,george
2474,9_yweweler_10.wav,9,yweweler
2475,9_lucas_35.wav,9,lucas
2476,7_nicolas_8.wav,7,nicolas
2477,6_nicolas_34.wav,6,nicolas
2478,0_george_3.wav,0,george
2479,6_lucas_49.wav,6,lucas
2480,6_jackson_1.wav,6,jackson
2481,6_nicolas_6.wav,6,nicolas
2482,3_theo_17.wav,3,theo
2483,1_jackson_5.wav,1,jackson
2484,4_lucas_46.wav,4,lucas
2485,1_theo_4.wav,1,theo
2486,8_george_29.wav,8,george
2487,6_theo_12.wav,6,theo
2488,2_yweweler_47.wav,2,yweweler
2489,1_nicolas_2.wav,1,nicolas
2490,8_george_15.wav,8,george
2491,5_yweweler_43.wav,5,yweweler
2492,0_yweweler_5.wav,0,yweweler
2493,9_george_27.wav,9,george
2494,9_george_33.wav,9,george
2495,6_george_4.wav,6,george
2496,8_yweweler_4.wav,8,yweweler
2497,4_jackson_11.wav,4,jackson
2498,4_nicolas_46.wav,4,nicolas
2499,1_theo_36.wav,1,theo
2500,4_jackson_39.wav,4,jackson
2501,8_nicolas_26.wav,8,nicolas
2502,0_nicolas_33.wav,0,nicolas
2503,0_nicolas_27.wav,0,nicolas
2504,8_nicolas_32.wav,8,nicolas
2505,1_theo_22.wav,1,theo
2506,7_george_41.wav,7,george
2507,6_yweweler_12.wav,6,yweweler
2508,5_theo_49.wav,5,theo
2509,8_theo_35.wav,8,theo
2510,7_nicolas_30.wav,7,nicolas
2511,3_lucas_6.wav,3,lucas
2512,3_lucas_46.wav,3,lucas
2513,8_yweweler_49.wav,8,yweweler
2514,7_nicolas_24.wav,7,nicolas
2515,8_theo_21.wav,8,theo
2516,8_lucas_32.wav,8,lucas
2517,7_yweweler_6.wav,7,yweweler
2518,1_yweweler_16.wav,1,yweweler
2519,3_nicolas_9.wav,3,nicolas
2520,7_nicolas_18.wav,7,nicolas
2521,3_nicolas_45.wav,3,nicolas
2522,3_jackson_12.wav,3,jackson
2523,4_george_44.wav,4,george
2524,8_lucas_26.wav,8,lucas
2525,2_theo_45.wav,2,theo
2526,2_jackson_0.wav,2,jackson
2527,9_theo_2.wav,9,theo
2528,1_george_4.wav,1,george
2529,2_nicolas_7.wav,2,nicolas
2530,2_nicolas_6.wav,2,nicolas
2531,9_theo_3.wav,9,theo
2532,1_george_5.wav,1,george
2533,2_jackson_1.wav,2,jackson
2534,2_theo_44.wav,2,theo
2535,7_nicolas_19.wav,7,nicolas
2536,8_lucas_27.wav,8,lucas
2537,4_george_45.wav,4,george
2538,3_jackson_13.wav,3,jackson
2539,3_nicolas_44.wav,3,nicolas
2540,1_yweweler_17.wav,1,yweweler
2541,7_yweweler_7.wav,7,yweweler
2542,8_lucas_33.wav,8,lucas
2543,3_nicolas_8.wav,3,nicolas
2544,7_nicolas_25.wav,7,nicolas
2545,8_theo_20.wav,8,theo
2546,8_theo_34.wav,8,theo
2547,5_theo_48.wav,5,theo
2548,6_yweweler_13.wav,6,yweweler
2549,8_yweweler_48.wav,8,yweweler
2550,3_lucas_47.wav,3,lucas
2551,3_lucas_7.wav,3,lucas
2552,7_nicolas_31.wav,7,nicolas
2553,0_nicolas_26.wav,0,nicolas
2554,7_george_40.wav,7,george
2555,1_theo_23.wav,1,theo
2556,8_nicolas_33.wav,8,nicolas
2557,8_nicolas_27.wav,8,nicolas
2558,4_jackson_38.wav,4,jackson
2559,1_theo_37.wav,1,theo
2560,0_nicolas_32.wav,0,nicolas
2561,8_yweweler_5.wav,8,yweweler
2562,6_george_5.wav,6,george
2563,9_george_32.wav,9,george
2564,4_nicolas_47.wav,4,nicolas
2565,4_jackson_10.wav,4,jackson
2566,0_yweweler_4.wav,0,yweweler
2567,9_george_26.wav,9,george
2568,8_george_14.wav,8,george
2569,1_nicolas_3.wav,1,nicolas
2570,5_yweweler_42.wav,5,yweweler
2571,8_george_28.wav,8,george
2572,2_yweweler_46.wav,2,yweweler
2573,6_theo_13.wav,6,theo
2574,4_lucas_47.wav,4,lucas
2575,1_jackson_4.wav,1,jackson
2576,1_theo_5.wav,1,theo
2577,3_theo_16.wav,3,theo
2578,6_nicolas_7.wav,6,nicolas
2579,6_jackson_0.wav,6,jackson
2580,6_lucas_48.wav,6,lucas
2581,0_george_2.wav,0,george
2582,9_yweweler_11.wav,9,yweweler
2583,6_nicolas_35.wav,6,nicolas
2584,7_nicolas_9.wav,7,nicolas
2585,9_lucas_34.wav,9,lucas
2586,9_lucas_20.wav,9,lucas
2587,6_nicolas_21.wav,6,nicolas
2588,0_george_44.wav,0,george
2589,2_lucas_40.wav,2,lucas
2590,6_yweweler_3.wav,6,yweweler
2591,4_theo_26.wav,4,theo
2592,4_theo_32.wav,4,theo
2593,9_yweweler_39.wav,9,yweweler
2594,2_nicolas_40.wav,2,nicolas
2595,2_jackson_17.wav,2,jackson
2596,1_yweweler_0.wav,1,yweweler
2597,9_jackson_48.wav,9,jackson
2598,9_yweweler_1.wav,9,yweweler
2599,1_jackson_49.wav,1,jackson
2600,3_george_41.wav,3,george
2601,6_lucas_2.wav,6,lucas
2602,5_jackson_14.wav,5,jackson
2603,5_nicolas_43.wav,5,nicolas
2604,9_nicolas_23.wav,9,nicolas
2605,1_nicolas_36.wav,1,nicolas
2606,1_nicolas_22.wav,1,nicolas
2607,5_jackson_28.wav,5,jackson
2608,1_lucas_48.wav,1,lucas
2609,4_theo_0.wav,4,theo
2610,9_nicolas_37.wav,9,nicolas
2611,7_george_2.wav,7,george
2612,4_yweweler_33.wav,4,yweweler
2613,7_theo_41.wav,7,theo
2614,4_yweweler_27.wav,4,yweweler
2615,5_nicolas_2.wav,5,nicolas
2616,5_jackson_5.wav,5,jackson
2617,5_lucas_40.wav,5,lucas
2618,3_yweweler_37.wav,3,yweweler
2619,3_yweweler_23.wav,3,yweweler
2620,5_nicolas_6.wav,5,nicolas
2621,4_yweweler_23.wav,4,yweweler
2622,7_theo_45.wav,7,theo
2623,4_yweweler_37.wav,4,yweweler
2624,3_yweweler_27.wav,3,yweweler
2625,3_yweweler_33.wav,3,yweweler
2626,5_lucas_44.wav,5,lucas
2627,5_jackson_1.wav,5,jackson
2628,5_nicolas_47.wav,5,nicolas
2629,5_jackson_10.wav,5,jackson
2630,6_lucas_6.wav,6,lucas
2631,3_george_45.wav,3,george
2632,9_yweweler_5.wav,9,yweweler
2633,0_theo_49.wav,0,theo
2634,4_nicolas_8.wav,4,nicolas
2635,1_yweweler_4.wav,1,yweweler
2636,7_george_6.wav,7,george
2637,4_theo_4.wav,4,theo
2638,9_nicolas_33.wav,9,nicolas
2639,1_nicolas_26.wav,1,nicolas
2640,1_nicolas_32.wav,1,nicolas
2641,5_jackson_38.wav,5,jackson
2642,9_nicolas_27.wav,9,nicolas
2643,0_george_40.wav,0,george
2644,6_nicolas_25.wav,6,nicolas
2645,9_lucas_24.wav,9,lucas
2646,9_lucas_30.wav,9,lucas
2647,6_nicolas_31.wav,6,nicolas
2648,9_yweweler_15.wav,9,yweweler
2649,2_jackson_13.wav,2,jackson
2650,2_nicolas_44.wav,2,nicolas
2651,4_theo_36.wav,4,theo
2652,9_lucas_18.wav,9,lucas
2653,6_nicolas_19.wav,6,nicolas
2654,4_theo_22.wav,4,theo
2655,6_yweweler_7.wav,6,yweweler
2656,2_lucas_44.wav,2,lucas
2657,9_yweweler_29.wav,9,yweweler
2658,6_nicolas_3.wav,6,nicolas
2659,3_theo_12.wav,3,theo
2660,8_lucas_9.wav,8,lucas
2661,0_george_6.wav,0,george
2662,6_jackson_4.wav,6,jackson
2663,5_yweweler_46.wav,5,yweweler
2664,1_nicolas_7.wav,1,nicolas
2665,8_george_10.wav,8,george
2666,1_theo_1.wav,1,theo
2667,8_george_38.wav,8,george
2668,2_george_9.wav,2,george
2669,1_jackson_0.wav,1,jackson
2670,4_lucas_43.wav,4,lucas
2671,6_theo_17.wav,6,theo
2672,2_yweweler_42.wav,2,yweweler
2673,0_nicolas_36.wav,0,nicolas
2674,0_nicolas_9.wav,0,nicolas
2675,1_theo_33.wav,1,theo
2676,8_nicolas_23.wav,8,nicolas
2677,8_nicolas_37.wav,8,nicolas
2678,1_theo_27.wav,1,theo
2679,7_george_44.wav,7,george
2680,4_jackson_28.wav,4,jackson
2681,0_nicolas_22.wav,0,nicolas
2682,9_george_22.wav,9,george
2683,8_jackson_48.wav,8,jackson
2684,0_yweweler_0.wav,0,yweweler
2685,4_jackson_14.wav,4,jackson
2686,4_nicolas_43.wav,4,nicolas
2687,9_george_36.wav,9,george
2688,6_george_1.wav,6,george
2689,0_jackson_49.wav,0,jackson
2690,8_yweweler_1.wav,8,yweweler
2691,8_lucas_37.wav,8,lucas
2692,7_yweweler_3.wav,7,yweweler
2693,1_yweweler_13.wav,1,yweweler
2694,3_nicolas_40.wav,3,nicolas
2695,3_jackson_17.wav,3,jackson
2696,4_george_41.wav,4,george
2697,8_lucas_23.wav,8,lucas
2698,8_theo_18.wav,8,theo
2699,5_george_9.wav,5,george
2700,3_lucas_3.wav,3,lucas
2701,3_lucas_43.wav,3,lucas
2702,7_nicolas_35.wav,7,nicolas
2703,6_yweweler_17.wav,6,yweweler
2704,8_theo_30.wav,8,theo
2705,8_theo_24.wav,8,theo
2706,7_nicolas_21.wav,7,nicolas
2707,2_nicolas_2.wav,2,nicolas
2708,2_theo_40.wav,2,theo
2709,2_jackson_5.wav,2,jackson
2710,1_george_1.wav,1,george
2711,9_theo_7.wav,9,theo
2712,1_george_0.wav,1,george
2713,9_theo_6.wav,9,theo
2714,2_jackson_4.wav,2,jackson
2715,2_theo_41.wav,2,theo
2716,2_nicolas_3.wav,2,nicolas
2717,8_theo_25.wav,8,theo
2718,7_nicolas_20.wav,7,nicolas
2719,7_nicolas_34.wav,7,nicolas
2720,3_lucas_42.wav,3,lucas
2721,3_lucas_2.wav,3,lucas
2722,5_george_8.wav,5,george
2723,8_theo_31.wav,8,theo
2724,6_yweweler_16.wav,6,yweweler
2725,8_theo_19.wav,8,theo
2726,8_lucas_22.wav,8,lucas
2727,4_george_40.wav,4,george
2728,3_jackson_16.wav,3,jackson
2729,3_nicolas_41.wav,3,nicolas
2730,1_yweweler_12.wav,1,yweweler
2731,7_yweweler_2.wav,7,yweweler
2732,8_lucas_36.wav,8,lucas
2733,4_nicolas_42.wav,4,nicolas
2734,4_jackson_15.wav,4,jackson
2735,8_yweweler_0.wav,8,yweweler
2736,0_jackson_48.wav,0,jackson
2737,6_george_0.wav,6,george
2738,9_george_37.wav,9,george
2739,9_george_23.wav,9,george
2740,0_yweweler_1.wav,0,yweweler
2741,8_jackson_49.wav,8,jackson
2742,4_jackson_29.wav,4,jackson
2743,7_george_45.wav,7,george
2744,1_theo_26.wav,1,theo
2745,8_nicolas_36.wav,8,nicolas
2746,0_nicolas_23.wav,0,nicolas
2747,0_nicolas_8.wav,0,nicolas
2748,0_nicolas_37.wav,0,nicolas
2749,8_nicolas_22.wav,8,nicolas
2750,1_theo_32.wav,1,theo
2751,2_yweweler_43.wav,2,yweweler
2752,6_theo_16.wav,6,theo
2753,8_george_39.wav,8,george
2754,1_theo_0.wav,1,theo
2755,4_lucas_42.wav,4,lucas
2756,1_jackson_1.wav,1,jackson
2757,2_george_8.wav,2,george
2758,5_yweweler_47.wav,5,yweweler
2759,8_george_11.wav,8,george
2760,1_nicolas_6.wav,1,nicolas
2761,6_jackson_5.wav,6,jackson
2762,8_lucas_8.wav,8,lucas
2763,0_george_7.wav,0,george
2764,3_theo_13.wav,3,theo
2765,6_nicolas_2.wav,6,nicolas
2766,4_theo_23.wav,4,theo
2767,9_yweweler_28.wav,9,yweweler
2768,2_lucas_45.wav,2,lucas
2769,6_yweweler_6.wav,6,yweweler
2770,2_nicolas_45.wav,2,nicolas
2771,2_jackson_12.wav,2,jackson
2772,6_nicolas_18.wav,6,nicolas
2773,9_lucas_19.wav,9,lucas
2774,4_theo_37.wav,4,theo
2775,6_nicolas_30.wav,6,nicolas
2776,9_lucas_31.wav,9,lucas
2777,9_yweweler_14.wav,9,yweweler
2778,0_george_41.wav,0,george
2779,9_lucas_25.wav,9,lucas
2780,6_nicolas_24.wav,6,nicolas
2781,1_nicolas_33.wav,1,nicolas
2782,9_nicolas_26.wav,9,nicolas
2783,5_jackson_39.wav,5,jackson
2784,9_nicolas_32.wav,9,nicolas
2785,4_theo_5.wav,4,theo
2786,7_george_7.wav,7,george
2787,1_nicolas_27.wav,1,nicolas
2788,4_nicolas_9.wav,4,nicolas
2789,1_yweweler_5.wav,1,yweweler
2790,6_lucas_7.wav,6,lucas
2791,3_george_44.wav,3,george
2792,5_jackson_11.wav,5,jackson
2793,5_nicolas_46.wav,5,nicolas
2794,0_theo_48.wav,0,theo
2795,9_yweweler_4.wav,9,yweweler
2796,5_lucas_45.wav,5,lucas
2797,3_yweweler_32.wav,3,yweweler
2798,5_jackson_0.wav,5,jackson
2799,3_yweweler_26.wav,3,yweweler
2800,4_yweweler_36.wav,4,yweweler
2801,4_yweweler_22.wav,4,yweweler
2802,7_theo_44.wav,7,theo
2803,5_nicolas_7.wav,5,nicolas
2804,2_george_48.wav,2,george
2805,4_yweweler_34.wav,4,yweweler
2806,3_yweweler_18.wav,3,yweweler
2807,5_nicolas_5.wav,5,nicolas
2808,7_theo_46.wav,7,theo
2809,4_yweweler_20.wav,4,yweweler
2810,1_lucas_9.wav,1,lucas
2811,5_jackson_2.wav,5,jackson
2812,3_yweweler_30.wav,3,yweweler
2813,5_lucas_47.wav,5,lucas
2814,3_yweweler_24.wav,3,yweweler
2815,1_yweweler_7.wav,1,yweweler
2816,9_nicolas_18.wav,9,nicolas
2817,9_yweweler_6.wav,9,yweweler
2818,1_nicolas_19.wav,1,nicolas
2819,5_nicolas_44.wav,5,nicolas
2820,5_jackson_13.wav,5,jackson
2821,3_george_46.wav,3,george
2822,6_lucas_5.wav,6,lucas
2823,9_nicolas_24.wav,9,nicolas
2824,1_nicolas_31.wav,1,nicolas
2825,1_nicolas_25.wav,1,nicolas
2826,7_george_5.wav,7,george
2827,4_theo_7.wav,4,theo
2828,9_nicolas_30.wav,9,nicolas
2829,2_jackson_38.wav,2,jackson
2830,9_yweweler_16.wav,9,yweweler
2831,9_lucas_33.wav,9,lucas
2832,6_nicolas_32.wav,6,nicolas
2833,6_nicolas_26.wav,6,nicolas
2834,9_lucas_27.wav,9,lucas
2835,0_george_43.wav,0,george
2836,6_yweweler_4.wav,6,yweweler
2837,7_theo_9.wav,7,theo
2838,2_lucas_47.wav,2,lucas
2839,0_yweweler_49.wav,0,yweweler
2840,4_theo_21.wav,4,theo
2841,9_theo_49.wav,9,theo
2842,4_theo_35.wav,4,theo
2843,7_jackson_9.wav,7,jackson
2844,2_jackson_10.wav,2,jackson
2845,2_nicolas_47.wav,2,nicolas
2846,3_theo_11.wav,3,theo
2847,6_nicolas_0.wav,6,nicolas
2848,6_jackson_7.wav,6,jackson
2849,0_george_5.wav,0,george
2850,3_theo_39.wav,3,theo
2851,1_nicolas_4.wav,1,nicolas
2852,8_george_13.wav,8,george
2853,6_theo_28.wav,6,theo
2854,5_yweweler_45.wav,5,yweweler
2855,6_george_49.wav,6,george
2856,6_theo_14.wav,6,theo
2857,2_yweweler_41.wav,2,yweweler
2858,1_jackson_3.wav,1,jackson
2859,4_lucas_40.wav,4,lucas
2860,1_theo_2.wav,1,theo
2861,0_nicolas_21.wav,0,nicolas
2862,8_nicolas_34.wav,8,nicolas
2863,1_theo_24.wav,1,theo
2864,7_george_47.wav,7,george
2865,1_theo_30.wav,1,theo
2866,8_nicolas_20.wav,8,nicolas
2867,0_nicolas_35.wav,0,nicolas
2868,9_george_35.wav,9,george
2869,6_george_2.wav,6,george
2870,0_lucas_48.wav,0,lucas
2871,8_yweweler_2.wav,8,yweweler
2872,1_theo_18.wav,1,theo
2873,4_jackson_17.wav,4,jackson
2874,4_nicolas_40.wav,4,nicolas
2875,0_yweweler_3.wav,0,yweweler
2876,9_george_21.wav,9,george
2877,7_jackson_49.wav,7,jackson
2878,3_nicolas_43.wav,3,nicolas
2879,3_jackson_14.wav,3,jackson
2880,4_george_42.wav,4,george
2881,8_lucas_20.wav,8,lucas
2882,7_yweweler_0.wav,7,yweweler
2883,8_lucas_34.wav,8,lucas
2884,1_yweweler_10.wav,1,yweweler
2885,6_yweweler_28.wav,6,yweweler
2886,7_nicolas_22.wav,7,nicolas
2887,3_jackson_8.wav,3,jackson
2888,8_theo_27.wav,8,theo
2889,1_yweweler_38.wav,1,yweweler
2890,3_jackson_28.wav,3,jackson
2891,6_yweweler_14.wav,6,yweweler
2892,8_theo_33.wav,8,theo
2893,3_lucas_40.wav,3,lucas
2894,3_lucas_0.wav,3,lucas
2895,7_nicolas_36.wav,7,nicolas
2896,2_nicolas_1.wav,2,nicolas
2897,9_theo_4.wav,9,theo
2898,1_george_2.wav,1,george
2899,7_lucas_48.wav,7,lucas
2900,2_theo_43.wav,2,theo
2901,2_jackson_6.wav,2,jackson
2902,2_jackson_7.wav,2,jackson
2903,2_theo_42.wav,2,theo
2904,9_theo_5.wav,9,theo
2905,7_lucas_49.wav,7,lucas
2906,1_george_3.wav,1,george
2907,2_nicolas_0.wav,2,nicolas
2908,8_theo_32.wav,8,theo
2909,6_yweweler_15.wav,6,yweweler
2910,7_nicolas_37.wav,7,nicolas
2911,3_lucas_1.wav,3,lucas
2912,3_lucas_41.wav,3,lucas
2913,7_nicolas_23.wav,7,nicolas
2914,3_jackson_29.wav,3,jackson
2915,1_yweweler_39.wav,1,yweweler
2916,8_theo_26.wav,8,theo
2917,3_jackson_9.wav,3,jackson
2918,6_yweweler_29.wav,6,yweweler
2919,1_yweweler_11.wav,1,yweweler
2920,8_lucas_35.wav,8,lucas
2921,7_yweweler_1.wav,7,yweweler
2922,7_jackson_48.wav,7,jackson
2923,8_lucas_21.wav,8,lucas
2924,4_george_43.wav,4,george
2925,3_jackson_15.wav,3,jackson
2926,3_nicolas_42.wav,3,nicolas
2927,0_yweweler_2.wav,0,yweweler
2928,9_george_20.wav,9,george
2929,8_yweweler_3.wav,8,yweweler
2930,0_lucas_49.wav,0,lucas
2931,6_george_3.wav,6,george
2932,9_george_34.wav,9,george
2933,4_nicolas_41.wav,4,nicolas
2934,4_jackson_16.wav,4,jackson
2935,1_theo_19.wav,1,theo
2936,8_nicolas_21.wav,8,nicolas
2937,1_theo_31.wav,1,theo
2938,0_nicolas_34.wav,0,nicolas
2939,0_nicolas_20.wav,0,nicolas
2940,7_george_46.wav,7,george
2941,1_theo_25.wav,1,theo
2942,8_nicolas_35.wav,8,nicolas
2943,4_lucas_41.wav,4,lucas
2944,1_jackson_2.wav,1,jackson
2945,1_theo_3.wav,1,theo
2946,2_yweweler_40.wav,2,yweweler
2947,6_theo_15.wav,6,theo
2948,6_george_48.wav,6,george
2949,8_george_12.wav,8,george
2950,1_nicolas_5.wav,1,nicolas
2951,5_yweweler_44.wav,5,yweweler
2952,6_theo_29.wav,6,theo
2953,0_george_4.wav,0,george
2954,3_theo_38.wav,3,theo
2955,6_jackson_6.wav,6,jackson
2956,6_nicolas_1.wav,6,nicolas
2957,3_theo_10.wav,3,theo
2958,4_theo_34.wav,4,theo
2959,9_theo_48.wav,9,theo
2960,2_nicolas_46.wav,2,nicolas
2961,2_jackson_11.wav,2,jackson
2962,7_jackson_8.wav,7,jackson
2963,2_lucas_46.wav,2,lucas
2964,7_theo_8.wav,7,theo
2965,6_yweweler_5.wav,6,yweweler
2966,4_theo_20.wav,4,theo
2967,0_yweweler_48.wav,0,yweweler
2968,9_lucas_26.wav,9,lucas
2969,6_nicolas_27.wav,6,nicolas
2970,0_george_42.wav,0,george
2971,9_yweweler_17.wav,9,yweweler
2972,2_jackson_39.wav,2,jackson
2973,6_nicolas_33.wav,6,nicolas
2974,9_lucas_32.wav,9,lucas
2975,1_nicolas_24.wav,1,nicolas
2976,9_nicolas_31.wav,9,nicolas
2977,4_theo_6.wav,4,theo
2978,7_george_4.wav,7,george
2979,9_nicolas_25.wav,9,nicolas
2980,1_nicolas_30.wav,1,nicolas
2981,1_nicolas_18.wav,1,nicolas
2982,9_yweweler_7.wav,9,yweweler
2983,3_george_47.wav,3,george
2984,6_lucas_4.wav,6,lucas
2985,5_jackson_12.wav,5,jackson
2986,5_nicolas_45.wav,5,nicolas
2987,9_nicolas_19.wav,9,nicolas
2988,1_yweweler_6.wav,1,yweweler
2989,3_yweweler_25.wav,3,yweweler
2990,5_jackson_3.wav,5,jackson
2991,5_lucas_46.wav,5,lucas
2992,3_yweweler_31.wav,3,yweweler
2993,7_theo_47.wav,7,theo
2994,4_yweweler_21.wav,4,yweweler
2995,5_nicolas_4.wav,5,nicolas
2996,3_yweweler_19.wav,3,yweweler
2997,1_lucas_8.wav,1,lucas
2998,2_george_49.wav,2,george
2999,4_yweweler_35.wav,4,yweweler